State,District,Year,Hazard Score,Exposure Score,Vulnerability Score,Risk Score,Risk Category
AndamanandNicobar,NicobarIslands,2020,,,,,Low Risk
AndamanandNicobar,NicobarIslands,2021,,,,,Low Risk
AndamanandNicobar,NorthandMiddleAndaman,2020,,,,,Low Risk
AndamanandNicobar,NorthandMiddleAndaman,2021,,,,,Low Risk
AndamanandNicobar,SouthAndaman,2020,,,,,Low Risk
AndamanandNicobar,SouthAndaman,2021,,,,,Low Risk
AndhraPradesh,Anantapur,2020,0.536560886,,,,Low Risk
AndhraPradesh,Anantapur,2021,0.753600823,,,,Low Risk
AndhraPradesh,Chittoor,2020,0.664884732,,,,Low Risk
AndhraPradesh,Chittoor,2021,0.75559912,,,,Low Risk
AndhraPradesh,EastGodavari,2020,0.437327057,,,,Low Risk
AndhraPradesh,EastGodavari,2021,0.367985948,,,,Low Risk
AndhraPradesh,Guntur,2020,0.440357046,,,,Low Risk
AndhraPradesh,Guntur,2021,0.279968549,,,,Low Risk
AndhraPradesh,Krishna,2020,0.572393806,,,,Low Risk
AndhraPradesh,Krishna,2021,0.374780708,,,,Low Risk
AndhraPradesh,Kurnool,2020,0.610157037,,,,Low Risk
AndhraPradesh,Kurnool,2021,0.399342959,,,,Low Risk
AndhraPradesh,Nellore,2020,0.612416419,,,,Low Risk
AndhraPradesh,Nellore,2021,0.676129418,,,,Low Risk
AndhraPradesh,Prakasam,2020,0.570012609,,,,Low Risk
AndhraPradesh,Prakasam,2021,0.439176982,,,,Low Risk
AndhraPradesh,Srikakulam,2020,0.334662676,,,,Low Risk
AndhraPradesh,Srikakulam,2021,0.528741729,,,,Low Risk
AndhraPradesh,Visakhapatnam,2020,0.331113061,,,,Low Risk
AndhraPradesh,Visakhapatnam,2021,0.380449504,,,,Low Risk
AndhraPradesh,Vizianagaram,2020,0.260642473,,,,Low Risk
AndhraPradesh,Vizianagaram,2021,0.497348784,,,,Low Risk
AndhraPradesh,WestGodavari,2020,0.509184702,,,,Low Risk
AndhraPradesh,WestGodavari,2021,0.489005473,,,,Low Risk
AndhraPradesh,Y.S.R.,2020,0.779366461,,,,Low Risk
AndhraPradesh,Y.S.R.,2021,0.678340534,,,,Low Risk
ArunachalPradesh,Anjaw,2020,0.40212819,,,,Low Risk
ArunachalPradesh,Anjaw,2021,0.289449452,,,,Low Risk
ArunachalPradesh,Changlang,2020,0.321321038,,,,Low Risk
ArunachalPradesh,Changlang,2021,0.159205045,,,,Low Risk
ArunachalPradesh,DibangValley,2020,0.408209494,,,,Low Risk
ArunachalPradesh,DibangValley,2021,0.288096379,,,,Low Risk
ArunachalPradesh,EastKameng,2020,0.520930796,,,,Low Risk
ArunachalPradesh,EastKameng,2021,0.407019118,,,,Low Risk
ArunachalPradesh,EastSiang,2020,0.640559637,,,,Low Risk
ArunachalPradesh,EastSiang,2021,0.257485963,,,,Low Risk
ArunachalPradesh,KurungKumey,2020,0.365328196,,,,Low Risk
ArunachalPradesh,KurungKumey,2021,0.141844909,,,,Low Risk
ArunachalPradesh,Lohit,2020,0.353089427,,,,Low Risk
ArunachalPradesh,Lohit,2021,0.180341153,,,,Low Risk
ArunachalPradesh,Longding,2020,0.303385343,,,,Low Risk
ArunachalPradesh,Longding,2021,0.127434867,,,,Low Risk
ArunachalPradesh,LowerDibangValley,2020,0.483637425,,,,Low Risk
ArunachalPradesh,LowerDibangValley,2021,0.19300587,,,,Low Risk
ArunachalPradesh,LowerSubansiri,2020,0.222085107,,,,Low Risk
ArunachalPradesh,LowerSubansiri,2021,0.148449532,,,,Low Risk
ArunachalPradesh,Namsai,2020,0.405506426,,,,Low Risk
ArunachalPradesh,Namsai,2021,0.115360383,,,,Low Risk
ArunachalPradesh,PapumPare,2020,0.361303145,,,,Low Risk
ArunachalPradesh,PapumPare,2021,0.220921753,,,,Low Risk
ArunachalPradesh,Tawang,2020,0.263892426,,,,Low Risk
ArunachalPradesh,Tawang,2021,0.354332357,,,,Low Risk
ArunachalPradesh,Tirap,2020,0.371195659,,,,Low Risk
ArunachalPradesh,Tirap,2021,0.148058529,,,,Low Risk
ArunachalPradesh,UpperSiang,2020,0.565428614,,,,Low Risk
ArunachalPradesh,UpperSiang,2021,0.383190513,,,,Low Risk
ArunachalPradesh,UpperSubansiri,2020,0.272465679,,,,Low Risk
ArunachalPradesh,UpperSubansiri,2021,0.091578561,,,,Low Risk
ArunachalPradesh,WestKameng,2020,0.596328882,,,,Low Risk
ArunachalPradesh,WestKameng,2021,0.515203048,,,,Low Risk
ArunachalPradesh,WestSiang,2020,0.441872596,,,,Low Risk
ArunachalPradesh,WestSiang,2021,0.313146093,,,,Low Risk
Assam,Baksa,2020,0.510439587,0.468938849,0.344950331,0.441442922,Medium Risk
Assam,Baksa,2021,0.238575132,0.468938849,0.340752015,0.349421999,Low Risk
Assam,Barpeta,2020,0.543237992,0.470198894,0.417535947,0.476990945,Medium Risk
Assam,Barpeta,2021,0.122965701,0.470198894,0.420861908,0.338008834,Low Risk
Assam,Bongaigaon,2020,0.624685975,0.498868772,0.383528001,0.502360916,Medium Risk
Assam,Bongaigaon,2021,0.208209487,0.498868772,0.373429816,0.360169359,Medium Risk
Assam,Cachar,2020,0.345158789,0.42661626,0.394694803,0.388823284,Medium Risk
Assam,Cachar,2021,0.191644236,0.42661626,0.416413732,0.344891409,Low Risk
Assam,Chirang,2020,0.728136999,0.463769083,0.310608249,0.500838111,Medium Risk
Assam,Chirang,2021,0.299038524,0.463769083,0.314343126,0.359050244,Low Risk
Assam,Darrang,2020,0.261154932,0.482535686,0.366376479,0.370022365,Medium Risk
Assam,Darrang,2021,0.237176125,0.482535686,0.346512616,0.355408142,Low Risk
Assam,Dhemaji,2020,0.673068444,0.485575866,0.341512115,0.500052141,Medium Risk
Assam,Dhemaji,2021,0.157028222,0.485575866,0.373486427,0.338696838,Low Risk
Assam,Dhubri,2020,0.619578866,,0.363157928,,Low Risk
Assam,Dhubri,2021,0.294357616,,0.460894907,,Low Risk
Assam,Dibrugarh,2020,0.721958135,0.542752073,0.442815097,0.569175102,High Risk
Assam,Dibrugarh,2021,0.053333333,0.542752073,0.41759858,0.337894662,Low Risk
Assam,DimaHasao,2020,0.396335022,,,,Low Risk
Assam,DimaHasao,2021,0.100469631,,,,Low Risk
Assam,Goalpara,2020,0.657827232,0.450696709,0.328900741,0.479141561,Medium Risk
Assam,Goalpara,2021,0.261851256,0.450696709,0.356603084,0.356383683,Low Risk
Assam,Golaghat,2020,0.334803597,0.510192627,0.3712732,0.405423141,Medium Risk
Assam,Golaghat,2021,0.030612245,0.510192627,0.402347964,0.314384279,Low Risk
Assam,Hailakandi,2020,0.412394533,0.402099026,0.335887971,0.38346051,Medium Risk
Assam,Hailakandi,2021,0.287538484,0.402099026,0.347173592,0.345603701,Low Risk
Assam,Jorhat,2020,0.291828486,,0.419917281,,Low Risk
Assam,Jorhat,2021,0.076935239,,0.455519127,,Low Risk
Assam,Kamrup,2020,0.468317311,0.516977912,0.434713267,0.473336163,Medium Risk
Assam,Kamrup,2021,0.312594918,0.516977912,0.418388481,0.415987104,Medium Risk
Assam,KamrupMetropolitan,2020,0.419052142,,,,Low Risk
Assam,KamrupMetropolitan,2021,0.272381587,,,,Low Risk
Assam,KarbiAnglong,2020,0.376099848,,,,Low Risk
Assam,KarbiAnglong,2021,0.11741143,,,,Low Risk
Assam,Karimganj,2020,0.386297336,0.425163283,0.385846066,0.399102228,Medium Risk
Assam,Karimganj,2021,0.235046823,0.425163283,0.356855997,0.339022034,Low Risk
Assam,Kokrajhar,2020,0.791046127,0.459014465,0.413640085,0.554566892,High Risk
Assam,Kokrajhar,2021,0.199385856,0.459014465,0.395999016,0.351466446,Low Risk
Assam,Lakhimpur,2020,0.344696809,0.484042254,0.368867839,0.399202301,Medium Risk
Assam,Lakhimpur,2021,0.063083989,0.484042254,0.386341335,0.31115586,Low Risk
Assam,Morigaon,2020,0.526048463,0.451061572,0.351465259,0.442858431,Medium Risk
Assam,Morigaon,2021,0.287891222,0.451061572,0.428276629,0.389076474,Medium Risk
Assam,Nagaon,2020,0.46033307,,0.339582142,,Low Risk
Assam,Nagaon,2021,0.257462844,,0.415113644,,Low Risk
Assam,Nalbari,2020,0.407934337,0.535008875,0.323509136,0.422150782,Medium Risk
Assam,Nalbari,2021,0.293028042,0.535008875,0.37506996,0.401035626,Medium Risk
Assam,Sivasagar,2020,0.287109305,,,,Low Risk
Assam,Sivasagar,2021,0.109747004,,,,Low Risk
Assam,Sonitpur,2020,0.421546048,,0.403023599,,Low Risk
Assam,Sonitpur,2021,0.301118661,,0.386531721,,Low Risk
Assam,Tinsukia,2020,0.549723546,0.518644677,0.429903311,0.499423845,Medium Risk
Assam,Tinsukia,2021,0.051717172,0.518644677,0.420450122,0.330270657,Low Risk
Assam,Udalguri,2020,0.411539006,0.463121281,0.243800344,0.37282021,Medium Risk
Assam,Udalguri,2021,0.353772634,0.463121281,0.319108026,0.378667314,Medium Risk
Bihar,Araria,2020,0.838566464,0.327080978,0.59620543,0.587284291,High Risk
Bihar,Araria,2021,0.602760648,0.327080978,0.587700761,0.505847462,Medium Risk
Bihar,Arwal,2020,0.465570998,0.402469203,0.38784516,0.418628454,Medium Risk
Bihar,Arwal,2021,0.727505146,0.402469203,0.38210585,0.504026733,Medium Risk
Bihar,Aurangabad,2020,0.34624486,0.433412859,0.456369502,0.412009074,Medium Risk
Bihar,Aurangabad,2021,0.78536608,0.433412859,0.482136939,0.566971959,High Risk
Bihar,Banka,2020,0.33398913,0.349107824,0.501538384,0.394878446,Medium Risk
Bihar,Banka,2021,0.465052916,0.349107824,0.467170059,0.427110266,Medium Risk
Bihar,Begusarai,2020,0.802367427,0.422447014,0.475784672,0.566866371,High Risk
Bihar,Begusarai,2021,0.666757194,0.422447014,0.447193311,0.512132506,Medium Risk
Bihar,Bhagalpur,2020,0.520727932,0.407328762,0.498742874,0.475599856,Medium Risk
Bihar,Bhagalpur,2021,0.689304795,0.407328762,0.502911852,0.533181803,High Risk
Bihar,Bhojpur,2020,0.57754273,0.442783156,0.516409713,0.5122452,Medium Risk
Bihar,Bhojpur,2021,0.723514469,0.442783156,0.506115405,0.55747101,High Risk
Bihar,Buxar,2020,0.501796265,0.449355372,0.463223487,0.471458375,Medium Risk
Bihar,Buxar,2021,0.591931138,0.449355372,0.441552338,0.494279616,Medium Risk
Bihar,Darbhanga,2020,0.685461517,0.403275783,0.497722276,0.528819859,High Risk
Bihar,Darbhanga,2021,0.882048446,0.403275783,0.505441242,0.596921824,High Risk
Bihar,Gaya,2020,0.400822176,0.398499385,0.539874438,0.446398666,Medium Risk
Bihar,Gaya,2021,0.83735744,0.398499385,0.533122818,0.589659881,High Risk
Bihar,Gopalganj,2020,0.83194495,0.494370747,0.465358466,0.597224721,High Risk
Bihar,Gopalganj,2021,0.715525947,0.494370747,0.501691038,0.570529244,High Risk
Bihar,Jamui,2020,0.484971382,0.357285297,0.459512491,0.433923057,Medium Risk
Bihar,Jamui,2021,0.613474864,0.357285297,0.44746306,0.472741074,Medium Risk
Bihar,Jehanabad,2020,0.618875187,0.397175766,0.420326079,0.478792344,Medium Risk
Bihar,Jehanabad,2021,0.731322876,0.397175766,0.406200138,0.51156626,Medium Risk
Bihar,Kaimur,2020,0.248989391,,,,Low Risk
Bihar,Kaimur,2021,0.608097637,,,,Low Risk
Bihar,Katihar,2020,0.733394462,0.342466163,0.506274268,0.527378298,High Risk
Bihar,Katihar,2021,0.559821971,0.342466163,0.521959583,0.474749239,Medium Risk
Bihar,Khagaria,2020,0.663176736,0.412465349,0.42075465,0.498798912,Medium Risk
Bihar,Khagaria,2021,0.657288791,0.412465349,0.417321199,0.49569178,Medium Risk
Bihar,Kishanganj,2020,0.810380254,0.375168936,0.43179103,0.539113406,High Risk
Bihar,Kishanganj,2021,0.290426148,0.375168936,0.461211465,0.375602183,Medium Risk
Bihar,Lakhisarai,2020,0.550987404,0.370345323,0.411820591,0.444384439,Medium Risk
Bihar,Lakhisarai,2021,0.700035837,0.370345323,0.417597914,0.495993025,Medium Risk
Bihar,Madhepura,2020,0.817122719,0.3332315,0.461747797,0.537367339,High Risk
Bihar,Madhepura,2021,0.648051951,0.3332315,0.458889448,0.480057633,Medium Risk
Bihar,Madhubani,2020,0.67581676,0.422456479,0.48431258,0.527528606,High Risk
Bihar,Madhubani,2021,0.887444959,0.422456479,0.476021099,0.595307512,High Risk
Bihar,Munger,2020,0.504621066,0.475964194,0.522442467,0.501009242,Medium Risk
Bihar,Munger,2021,0.598899347,0.475964194,0.528588591,0.534484044,High Risk
Bihar,Muzaffarpur,2020,0.821651349,0.454182987,0.528539029,0.601457788,High Risk
Bihar,Muzaffarpur,2021,0.936068868,0.454182987,0.552049282,0.647433712,High Risk
Bihar,Nalanda,2020,0.548435934,0.397011678,0.536295868,0.493914493,Medium Risk
Bihar,Nalanda,2021,0.803521148,0.397011678,0.521092053,0.57387496,High Risk
Bihar,Nawada,2020,0.461526718,0.410154073,,,Low Risk
Bihar,Nawada,2021,0.809046027,0.410154073,,,Low Risk
Bihar,PashchimChamparan,2020,0.766729507,,,,Low Risk
Bihar,PashchimChamparan,2021,0.835091462,,,,Low Risk
Bihar,Patna,2020,0.582218837,0.536773238,0.637403959,0.585465345,High Risk
Bihar,Patna,2021,0.885664198,0.536773238,0.613674668,0.678704035,High Risk
Bihar,PurbaChamparan,2020,0.928709196,,,,Low Risk
Bihar,PurbaChamparan,2021,0.633513183,,,,Low Risk
Bihar,Purnia,2020,0.813228155,0.316531474,,,Low Risk
Bihar,Purnia,2021,0.598414871,0.316531474,,,Low Risk
Bihar,Rohtas,2020,0.415811694,0.466695327,0.510489825,0.464332282,Medium Risk
Bihar,Rohtas,2021,0.579769118,0.466695327,0.494316341,0.513593595,Medium Risk
Bihar,Saharsa,2020,0.772693984,0.332562447,0.386405087,0.497220506,Medium Risk
Bihar,Saharsa,2021,0.790704874,0.332562447,0.37748352,0.50025028,Medium Risk
Bihar,Samastipur,2020,0.797729462,0.397894439,0.510086694,0.568570198,High Risk
Bihar,Samastipur,2021,0.804385811,0.397894439,0.517742808,0.573341019,High Risk
Bihar,Saran,2020,0.705670586,0.426230746,0.568736911,0.566879414,High Risk
Bihar,Saran,2021,0.923477489,0.426230746,0.545931503,0.631879913,High Risk
Bihar,Sheikhpura,2020,0.545510064,0.390825395,0.392223489,0.442852983,Medium Risk
Bihar,Sheikhpura,2021,0.746674596,0.390825395,0.374906222,0.504135404,Medium Risk
Bihar,Sheohar,2020,0.905510804,0.426164689,0.375064984,0.568913492,High Risk
Bihar,Sheohar,2021,0.733510752,0.426164689,0.343760311,0.501145251,Medium Risk
Bihar,Sitamarhi,2020,0.822257265,0.373273087,0.453936942,0.549822431,High Risk
Bihar,Sitamarhi,2021,0.838752359,0.373273087,0.499849537,0.570624994,High Risk
Bihar,Siwan,2020,0.629083646,0.505280451,0.451290126,0.528551408,High Risk
Bihar,Siwan,2021,0.845396193,0.505280451,0.485759283,0.612145309,High Risk
Bihar,Supaul,2020,0.769017598,0.367609405,0.422888286,0.51983843,Medium Risk
Bihar,Supaul,2021,0.635602942,0.367609405,0.453623952,0.4856121,Medium Risk
Bihar,Vaishali,2020,0.778608937,0.429966257,0.545756319,0.584777171,High Risk
Bihar,Vaishali,2021,0.825060608,0.429966257,0.53881684,0.597947902,High Risk
Chandigarh,Chandigarh,2020,0.312812569,0.765272382,0.3652157,0.481100217,Medium Risk
Chandigarh,Chandigarh,2021,0.236023621,0.765272382,0.325942673,0.442412892,Medium Risk
Chhattisgarh,Balod,2020,0.363148776,,0.489262974,,Low Risk
Chhattisgarh,Balod,2021,0.287720678,,0.464838482,,Low Risk
Chhattisgarh,BalodaBazar,2020,0.571502812,,,,Low Risk
Chhattisgarh,BalodaBazar,2021,0.2619421,,,,Low Risk
Chhattisgarh,Balrampur,2020,0.497838411,,0.434170929,,Low Risk
Chhattisgarh,Balrampur,2021,0.335282342,,0.46969124,,Low Risk
Chhattisgarh,Bastar,2020,0.385495945,,,,Low Risk
Chhattisgarh,Bastar,2021,0.092037149,,,,Low Risk
Chhattisgarh,Bemetara,2020,0.44944531,,,,Low Risk
Chhattisgarh,Bemetara,2021,0.440047136,,,,Low Risk
Chhattisgarh,Bijapur,2020,0.607965308,,,,Low Risk
Chhattisgarh,Bijapur,2021,0.083019517,,,,Low Risk
Chhattisgarh,Bilaspur,2020,0.576993378,,0.524082998,,Low Risk
Chhattisgarh,Bilaspur,2021,0.513920586,,0.480912686,,Low Risk
Chhattisgarh,Dantewada,2020,0.362148901,,,,Low Risk
Chhattisgarh,Dantewada,2021,0.070238095,,,,Low Risk
Chhattisgarh,Dhamtari,2020,0.547023795,0.583666779,0.497759623,0.542816732,High Risk
Chhattisgarh,Dhamtari,2021,0.430160274,0.583666779,0.470097011,0.494641355,Medium Risk
Chhattisgarh,Durg,2020,0.423810787,,0.496792293,,Low Risk
Chhattisgarh,Durg,2021,0.340391302,,0.475456993,,Low Risk
Chhattisgarh,Gariaband,2020,0.518711551,,,,Low Risk
Chhattisgarh,Gariaband,2021,0.271392423,,,,Low Risk
Chhattisgarh,Janjgir-Champa,2020,0.6,,,,Low Risk
Chhattisgarh,Janjgir-Champa,2021,0.364054126,,,,Low Risk
Chhattisgarh,Jashpur,2020,0.551084082,0.498138432,0.440421554,0.496548023,Medium Risk
Chhattisgarh,Jashpur,2021,0.37259842,0.498138432,0.421538813,0.430758555,Medium Risk
Chhattisgarh,Kabeerdham,2020,0.533194632,0.545802696,,,Low Risk
Chhattisgarh,Kabeerdham,2021,0.571733838,0.545802696,,,Low Risk
Chhattisgarh,Kondagaon,2020,0.40504553,,0.341170771,,Low Risk
Chhattisgarh,Kondagaon,2021,0.231050701,,0.442138274,,Low Risk
Chhattisgarh,Korba,2020,0.590242541,0.522947629,0.492375014,0.535188395,High Risk
Chhattisgarh,Korba,2021,0.430795162,0.522947629,0.499819251,0.484520681,Medium Risk
Chhattisgarh,Koriya,2020,0.388071805,0.523221605,0.471845083,0.461046164,Medium Risk
Chhattisgarh,Koriya,2021,0.391835732,0.523221605,0.481885478,0.465647605,Medium Risk
Chhattisgarh,Mahasamund,2020,0.505402614,0.561031133,0.443095984,0.503176577,Medium Risk
Chhattisgarh,Mahasamund,2021,0.214035326,0.561031133,0.412461091,0.395842517,Medium Risk
Chhattisgarh,Mungeli,2020,0.572139523,,,,Low Risk
Chhattisgarh,Mungeli,2021,0.533461027,,,,Low Risk
Chhattisgarh,Narayanpur,2020,0.554611154,0.455400267,0.316137281,0.442049567,Medium Risk
Chhattisgarh,Narayanpur,2021,0.197901187,0.455400267,0.240715301,0.298005585,Low Risk
Chhattisgarh,Raigarh,2020,0.603920375,0.53445576,0.508411108,0.548929081,High Risk
Chhattisgarh,Raigarh,2021,0.235036265,0.53445576,0.493085329,0.420859118,Medium Risk
Chhattisgarh,Raipur,2020,0.460965078,,0.583065758,,Low Risk
Chhattisgarh,Raipur,2021,0.262438351,,0.50180779,,Low Risk
Chhattisgarh,Rajnandgaon,2020,0.268077226,0.575336247,0.341991158,0.395134877,Medium Risk
Chhattisgarh,Rajnandgaon,2021,0.199656208,0.575336247,0.50573363,0.426908695,Medium Risk
Chhattisgarh,Sukma,2020,0.43866518,,0.285697098,,Low Risk
Chhattisgarh,Sukma,2021,0.240525725,,0.254518375,,Low Risk
Chhattisgarh,Surajpur,2020,0.500289898,,0.468967741,,Low Risk
Chhattisgarh,Surajpur,2021,0.39779439,,0.530411826,,Low Risk
Chhattisgarh,Surguja,2020,0.526178082,,,,Low Risk
Chhattisgarh,Surguja,2021,0.306019625,,,,Low Risk
Chhattisgarh,UttarBastarKanker,2020,0.3670013,,,,Low Risk
Chhattisgarh,UttarBastarKanker,2021,0.201446098,,,,Low Risk
DadraandNagarHaveli,DadraandNagarHaveli,2020,0.503386549,,,,Low Risk
DadraandNagarHaveli,DadraandNagarHaveli,2021,0.579210811,,,,Low Risk
DamanandDiu,Daman,2020,0.510405847,,,,Low Risk
DamanandDiu,Daman,2021,0.616675597,,,,Low Risk
DamanandDiu,Diu,2020,0.64405178,,,,Low Risk
DamanandDiu,Diu,2021,0.333412915,,,,Low Risk
Goa,NorthGoa,2020,0.435126134,,,,Low Risk
Goa,NorthGoa,2021,0.350856857,,,,Low Risk
Goa,SouthGoa,2020,0.549276537,,,,Low Risk
Goa,SouthGoa,2021,0.480011948,,,,Low Risk
Gujarat,Ahmadabad,2020,0.569093872,,,,Low Risk
Gujarat,Ahmadabad,2021,0.511630012,,,,Low Risk
Gujarat,Amreli,2020,0.425180323,0.639080184,0.495512331,0.519924279,Medium Risk
Gujarat,Amreli,2021,0.319094948,0.639080184,0.45086547,0.469680201,Medium Risk
Gujarat,Anand,2020,0.490522612,0.574486517,0.464597467,0.509868865,Medium Risk
Gujarat,Anand,2021,0.563427305,0.574486517,0.484002398,0.54063874,High Risk
Gujarat,Aravalli,2020,0.43232017,,,,Low Risk
Gujarat,Aravalli,2021,0.362748061,,,,Low Risk
Gujarat,BanasKantha,2020,0.420662375,,,,Low Risk
Gujarat,BanasKantha,2021,0.320133045,,,,Low Risk
Gujarat,Bharuch,2020,0.621327095,0.570250219,0.535397133,0.575658149,High Risk
Gujarat,Bharuch,2021,0.475552094,0.570250219,0.515647937,0.520483417,Medium Risk
Gujarat,Bhavnagar,2020,0.497865987,0.362341038,0.487712286,0.449306437,Medium Risk
Gujarat,Bhavnagar,2021,0.488907318,0.362341038,0.45423422,0.435160858,Medium Risk
Gujarat,Botad,2020,0.577108,0.362341038,0.397895159,0.445781399,Medium Risk
Gujarat,Botad,2021,0.356771222,0.362341038,0.372944465,0.364018908,Medium Risk
Gujarat,ChhotaUdaipur,2020,0.381913736,,,,Low Risk
Gujarat,ChhotaUdaipur,2021,0.36026319,,,,Low Risk
Gujarat,Dahod,2020,0.395329713,0.387009949,0.453742915,0.412027526,Medium Risk
Gujarat,Dahod,2021,0.38663448,0.387009949,0.463709719,0.412451383,Medium Risk
Gujarat,DevbhumiDwarka,2020,0.959090909,,,,Low Risk
Gujarat,DevbhumiDwarka,2021,0.460683515,,,,Low Risk
Gujarat,Gandhinagar,2020,0.49691269,0.58698089,0.452217906,0.512037162,Medium Risk
Gujarat,Gandhinagar,2021,0.437539622,0.58698089,0.490596385,0.505038966,Medium Risk
Gujarat,GirSomnath,2020,0.830233696,,,,Low Risk
Gujarat,GirSomnath,2021,0.47088338,,,,Low Risk
Gujarat,Jamnagar,2020,0.905250382,0.36239992,0.412120805,0.559923702,High Risk
Gujarat,Jamnagar,2021,0.563441459,0.36239992,0.39916317,0.441668183,Medium Risk
Gujarat,Junagadh,2020,0.877436999,0.362341038,0.464469627,0.568082555,High Risk
Gujarat,Junagadh,2021,0.546749519,0.362341038,0.398592841,0.435894466,Medium Risk
Gujarat,Kachchh,2020,0.815964718,0.614892314,,,Low Risk
Gujarat,Kachchh,2021,0.279085879,0.614892314,,,Low Risk
Gujarat,Kheda,2020,0.435508319,0.362341038,0.430820283,0.409556546,Medium Risk
Gujarat,Kheda,2021,0.519088753,0.362341038,0.366216131,0.415881974,Medium Risk
Gujarat,Mahesana,2020,0.578710396,0.559348418,,,Low Risk
Gujarat,Mahesana,2021,0.513142118,0.559348418,,,Low Risk
Gujarat,Mahisagar,2020,0.496421472,0.362341038,0.350741232,0.403167914,Medium Risk
Gujarat,Mahisagar,2021,0.525032335,0.362341038,0.325329738,0.40423437,Medium Risk
Gujarat,Morbi,2020,0.705152699,0.362341038,0.352442675,0.473312137,Medium Risk
Gujarat,Morbi,2021,0.224678108,0.362341038,0.356976507,0.314665218,Low Risk
Gujarat,Narmada,2020,0.597846866,0.414796504,0.325196146,0.445946505,Medium Risk
Gujarat,Narmada,2021,0.405386113,0.414796504,0.325986852,0.38205649,Medium Risk
Gujarat,Navsari,2020,0.511491303,0.571529454,0.352611636,0.478544131,Medium Risk
Gujarat,Navsari,2021,0.436317593,0.571529454,0.303250287,0.437032445,Medium Risk
Gujarat,PanchMahals,2020,0.367896472,,,,Low Risk
Gujarat,PanchMahals,2021,0.366079489,,,,Low Risk
Gujarat,Patan,2020,0.648659372,0.560678491,0.442996146,0.550778003,High Risk
Gujarat,Patan,2021,0.304507705,0.560678491,0.438254489,0.434480229,Medium Risk
Gujarat,Porbandar,2020,0.890065241,0.646639128,0.327513846,0.621406072,High Risk
Gujarat,Porbandar,2021,0.451697277,0.646639128,0.328848551,0.475728319,Medium Risk
Gujarat,Rajkot,2020,0.7873858,0.362341038,,,Low Risk
Gujarat,Rajkot,2021,0.591674355,0.362341038,,,Low Risk
Gujarat,SabarKantha,2020,0.333008144,,,,Low Risk
Gujarat,SabarKantha,2021,0.270452061,,,,Low Risk
Gujarat,Surat,2020,0.698536005,0.637995982,,,Low Risk
Gujarat,Surat,2021,0.431418013,0.637995982,,,Low Risk
Gujarat,Surendranagar,2020,0.639694691,0.362341038,0.421315694,0.474450474,Medium Risk
Gujarat,Surendranagar,2021,0.226144743,0.362341038,0.467423747,0.351969842,Low Risk
Gujarat,Tapi,2020,0.577448249,0.487625762,0.244698237,0.436590749,Medium Risk
Gujarat,Tapi,2021,0.36203944,0.487625762,0.245853489,0.365172897,Medium Risk
Gujarat,TheDangs,2020,0.39054275,,,,Low Risk
Gujarat,TheDangs,2021,0.246770853,,,,Low Risk
Gujarat,Vadodara,2020,0.414927304,0.362341038,,,Low Risk
Gujarat,Vadodara,2021,0.438773858,0.362341038,,,Low Risk
Gujarat,Valsad,2020,0.455444229,0.563977673,0.326007552,0.448476485,Medium Risk
Gujarat,Valsad,2021,0.563159677,0.563977673,0.378920053,0.502019134,Medium Risk
Haryana,Ambala,2020,0.212045489,0.724847721,0.412238465,0.449710559,Medium Risk
Haryana,Ambala,2021,0.179658361,0.724847721,0.434275913,0.446260665,Medium Risk
Haryana,Bhiwani,2020,0.147774404,0.362341038,0.484314417,0.33147662,Low Risk
Haryana,Bhiwani,2021,0.393734716,0.362341038,0.476385356,0.41082037,Medium Risk
Haryana,Faridabad,2020,0.375559,0.671586627,0.517145751,0.52143046,Medium Risk
Haryana,Faridabad,2021,0.567438879,0.671586627,0.532512488,0.590512665,High Risk
Haryana,Fatehabad,2020,0.366730575,0.650896541,0.384108638,0.467245251,Medium Risk
Haryana,Fatehabad,2021,0.662412711,0.650896541,0.433334087,0.582214446,High Risk
Haryana,Gurgaon,2020,0.406093483,0.653065555,,,Low Risk
Haryana,Gurgaon,2021,0.680138523,0.653065555,,,Low Risk
Haryana,Hisar,2020,0.274069075,0.64125337,,,Low Risk
Haryana,Hisar,2021,0.498212358,0.64125337,,,Low Risk
Haryana,Jhajjar,2020,0.373614589,0.710119465,0.424207868,0.502647307,Medium Risk
Haryana,Jhajjar,2021,0.755516706,0.710119465,0.470809968,0.645482046,High Risk
Haryana,Jind,2020,0.341185844,0.646808843,0.431135341,0.473043343,Medium Risk
Haryana,Jind,2021,0.75719084,0.646808843,0.47541764,0.626472441,High Risk
Haryana,Kaithal,2020,0.569190801,0.650897804,0.45433085,0.558139819,High Risk
Haryana,Kaithal,2021,0.469851746,0.650897804,0.470664595,0.530471382,High Risk
Haryana,Karnal,2020,0.487128025,0.684304554,0.492175371,0.554535983,High Risk
Haryana,Karnal,2021,0.568280638,0.684304554,0.522465466,0.591683553,High Risk
Haryana,Kurukshetra,2020,0.389934427,0.689232817,0.454759531,0.511308925,Medium Risk
Haryana,Kurukshetra,2021,0.341950383,0.689232817,0.48027096,0.503818053,Medium Risk
Haryana,Mahendragarh,2020,0.269163721,0.633511747,,,Low Risk
Haryana,Mahendragarh,2021,0.69968331,0.633511747,,,Low Risk
Haryana,Mewat,2020,0.397419427,0.479517526,,,Low Risk
Haryana,Mewat,2021,0.607345269,0.479517526,,,Low Risk
Haryana,Palwal,2020,0.40226103,0.595532482,0.449436338,0.48240995,Medium Risk
Haryana,Palwal,2021,0.574034451,0.595532482,0.497328577,0.555631837,High Risk
Haryana,Panchkula,2020,0.279376747,0.720210146,0.349493564,0.449693486,Medium Risk
Haryana,Panchkula,2021,0.19945603,0.720210146,0.412840819,0.444168998,Medium Risk
Haryana,Panipat,2020,0.397744982,0.645615951,0.486611634,0.509990856,Medium Risk
Haryana,Panipat,2021,0.544680595,0.645615951,0.505826614,0.565374387,High Risk
Haryana,Rewari,2020,0.281553505,0.663803546,0.439054943,0.461470665,Medium Risk
Haryana,Rewari,2021,0.767723525,0.663803546,0.440828297,0.624118456,High Risk
Haryana,Rohtak,2020,0.326984804,0.666318787,0.484524922,0.492609504,Medium Risk
Haryana,Rohtak,2021,0.720264171,0.666318787,0.483677373,0.62342011,High Risk
Haryana,Sirsa,2020,0.414411965,0.636586345,0.412380762,0.487793024,Medium Risk
Haryana,Sirsa,2021,0.443298452,0.636586345,0.404592248,0.494825682,Medium Risk
Haryana,Sonipat,2020,0.412277331,0.679704834,0.444499341,0.512160502,Medium Risk
Haryana,Sonipat,2021,0.620861664,0.679704834,0.446602288,0.582389596,High Risk
Haryana,Yamunanagar,2020,0.234732778,0.680978247,0.482525512,0.466078846,Medium Risk
Haryana,Yamunanagar,2021,0.326422177,0.680978247,0.505637082,0.504345835,Medium Risk
HimachalPradesh,Bilaspur,2020,0.421010936,,,,Low Risk
HimachalPradesh,Bilaspur,2021,0.247278459,,,,Low Risk
HimachalPradesh,Chamba,2020,0.315560264,,,,Low Risk
HimachalPradesh,Chamba,2021,0.414426166,,,,Low Risk
HimachalPradesh,Hamirpur,2020,0.275244928,,,,Low Risk
HimachalPradesh,Hamirpur,2021,0.349872195,,,,Low Risk
HimachalPradesh,Kangra,2020,0.311117235,,,,Low Risk
HimachalPradesh,Kangra,2021,0.310810091,,,,Low Risk
HimachalPradesh,Kinnaur,2020,0.191801528,,,,Low Risk
HimachalPradesh,Kinnaur,2021,0.249816825,,,,Low Risk
HimachalPradesh,Kullu,2020,0.266057879,,,,Low Risk
HimachalPradesh,Kullu,2021,0.243997908,,,,Low Risk
HimachalPradesh,Lahul&Spiti,2020,0.315479509,,,,Low Risk
HimachalPradesh,Lahul&Spiti,2021,0.204531203,,,,Low Risk
HimachalPradesh,Mandi,2020,0.15932207,,,,Low Risk
HimachalPradesh,Mandi,2021,0.294615688,,,,Low Risk
HimachalPradesh,Shimla,2020,0.156852359,,,,Low Risk
HimachalPradesh,Shimla,2021,0.234476496,,,,Low Risk
HimachalPradesh,Sirmaur,2020,0.237874035,,,,Low Risk
HimachalPradesh,Sirmaur,2021,0.216109388,,,,Low Risk
HimachalPradesh,Solan,2020,0.25325578,,,,Low Risk
HimachalPradesh,Solan,2021,0.127005409,,,,Low Risk
HimachalPradesh,Una,2020,0.305688506,,,,Low Risk
HimachalPradesh,Una,2021,0.360747062,,,,Low Risk
JammuandKashmir,Anantnag,2020,0.177966407,,,,Low Risk
JammuandKashmir,Anantnag,2021,0.281502825,,,,Low Risk
JammuandKashmir,Badgam,2020,0.35019783,,,,Low Risk
JammuandKashmir,Badgam,2021,0.343816302,,,,Low Risk
JammuandKashmir,Bandipore,2020,0.199857768,,,,Low Risk
JammuandKashmir,Bandipore,2021,0.305787527,,,,Low Risk
JammuandKashmir,Baramulla,2020,0.411909168,,,,Low Risk
JammuandKashmir,Baramulla,2021,0.381676462,,,,Low Risk
JammuandKashmir,Doda,2020,0.365048697,,,,Low Risk
JammuandKashmir,Doda,2021,0.174281397,,,,Low Risk
JammuandKashmir,Ganderbal,2020,0.201016218,,,,Low Risk
JammuandKashmir,Ganderbal,2021,0.320614809,,,,Low Risk
JammuandKashmir,Jammu,2020,0.446368886,,,,Low Risk
JammuandKashmir,Jammu,2021,0.28501705,,,,Low Risk
JammuandKashmir,Kargil,2020,0.22428859,,,,Low Risk
JammuandKashmir,Kargil,2021,0.197102902,,,,Low Risk
JammuandKashmir,Kathua,2020,0.545761462,,,,Low Risk
JammuandKashmir,Kathua,2021,0.29135614,,,,Low Risk
JammuandKashmir,Kishtwar,2020,0.232949137,,,,Low Risk
JammuandKashmir,Kishtwar,2021,0.234092643,,,,Low Risk
JammuandKashmir,Kulgam,2020,0.244720652,,,,Low Risk
JammuandKashmir,Kulgam,2021,0.34711325,,,,Low Risk
JammuandKashmir,Kupwara,2020,0.398168469,,,,Low Risk
JammuandKashmir,Kupwara,2021,0.36847641,,,,Low Risk
JammuandKashmir,Leh(Ladakh),2020,0.305848057,,,,Low Risk
JammuandKashmir,Leh(Ladakh),2021,0.156383307,,,,Low Risk
JammuandKashmir,Poonch,2020,0.398288281,,,,Low Risk
JammuandKashmir,Poonch,2021,0.31526239,,,,Low Risk
JammuandKashmir,Pulwama,2020,0.303970026,,,,Low Risk
JammuandKashmir,Pulwama,2021,0.361849893,,,,Low Risk
JammuandKashmir,Rajouri,2020,0.355521483,,,,Low Risk
JammuandKashmir,Rajouri,2021,0.293915541,,,,Low Risk
JammuandKashmir,Ramban,2020,0.270166522,,,,Low Risk
JammuandKashmir,Ramban,2021,0.221790857,,,,Low Risk
JammuandKashmir,Reasi,2020,0.460052947,,,,Low Risk
JammuandKashmir,Reasi,2021,0.385074451,,,,Low Risk
JammuandKashmir,Samba,2020,0.426549534,,,,Low Risk
JammuandKashmir,Samba,2021,0.354738015,,,,Low Risk
JammuandKashmir,Shupiyan,2020,0.276601586,,,,Low Risk
JammuandKashmir,Shupiyan,2021,0.221025674,,,,Low Risk
JammuandKashmir,Srinagar,2020,0.236509623,,,,Low Risk
JammuandKashmir,Srinagar,2021,0.352067094,,,,Low Risk
JammuandKashmir,Udhampur,2020,0.472070452,,,,Low Risk
JammuandKashmir,Udhampur,2021,0.282802941,,,,Low Risk
Jharkhand,Bokaro,2020,0.174254462,,0.498656122,,Low Risk
Jharkhand,Bokaro,2021,0.732725938,,0.391906516,,Low Risk
Jharkhand,Chatra,2020,0.256540449,,0.407887863,,Low Risk
Jharkhand,Chatra,2021,0.780192503,,0.365921422,,Low Risk
Jharkhand,Deoghar,2020,0.395817212,,0.542846589,,Low Risk
Jharkhand,Deoghar,2021,0.746498503,,0.497208699,,Low Risk
Jharkhand,Dhanbad,2020,0.300225974,,0.583009858,,Low Risk
Jharkhand,Dhanbad,2021,0.741905337,,0.584908604,,Low Risk
Jharkhand,Dumka,2020,0.327959045,,0.455513556,,Low Risk
Jharkhand,Dumka,2021,0.535874489,,0.447302978,,Low Risk
Jharkhand,Garhwa,2020,0.420995517,,0.489098479,,Low Risk
Jharkhand,Garhwa,2021,0.428495527,,0.509630696,,Low Risk
Jharkhand,Giridih,2020,0.313176488,,0.4707636,,Low Risk
Jharkhand,Giridih,2021,0.577525037,,0.505775567,,Low Risk
Jharkhand,Godda,2020,0.427815771,,0.49782719,,Low Risk
Jharkhand,Godda,2021,0.686889153,,0.46316652,,Low Risk
Jharkhand,Gumla,2020,0.171630271,,0.436593248,,Low Risk
Jharkhand,Gumla,2021,0.414598038,,0.420104053,,Low Risk
Jharkhand,Hazaribagh,2020,0.210601449,,0.541656435,,Low Risk
Jharkhand,Hazaribagh,2021,0.58897396,,0.564776741,,Low Risk
Jharkhand,Jamtara,2020,0.435439658,,0.353055028,,Low Risk
Jharkhand,Jamtara,2021,0.730161184,,0.331696831,,Low Risk
Jharkhand,Khunti,2020,0.181535737,,0.270583392,,Low Risk
Jharkhand,Khunti,2021,0.540258046,,0.272276027,,Low Risk
Jharkhand,Kodarma,2020,0.365667279,,,,Low Risk
Jharkhand,Kodarma,2021,0.622000313,,,,Low Risk
Jharkhand,Latehar,2020,0.322777528,,0.383653469,,Low Risk
Jharkhand,Latehar,2021,0.770634617,,0.420233157,,Low Risk
Jharkhand,Lohardaga,2020,0.2365134,,,,Low Risk
Jharkhand,Lohardaga,2021,0.633333949,,,,Low Risk
Jharkhand,Pakur,2020,0.462194049,,0.356646809,,Low Risk
Jharkhand,Pakur,2021,0.54264617,,0.39492095,,Low Risk
Jharkhand,Palamu,2020,0.425467713,,0.552572501,,Low Risk
Jharkhand,Palamu,2021,0.561615935,,0.485748199,,Low Risk
Jharkhand,PashchimiSinghbhum,2020,0.492983504,,,,Low Risk
Jharkhand,PashchimiSinghbhum,2021,0.533272959,,,,Low Risk
Jharkhand,PurbiSinghbhum,2020,0.35408391,,,,Low Risk
Jharkhand,PurbiSinghbhum,2021,0.589645504,,,,Low Risk
Jharkhand,Ramgarh,2020,0.199530827,,0.484151513,,Low Risk
Jharkhand,Ramgarh,2021,0.504617443,,0.432746127,,Low Risk
Jharkhand,Ranchi,2020,0.263431634,,0.621423843,,Low Risk
Jharkhand,Ranchi,2021,0.534717402,,0.580023211,,Low Risk
Jharkhand,Sahibganj,2020,0.648408438,,,,Low Risk
Jharkhand,Sahibganj,2021,0.700380012,,,,Low Risk
Jharkhand,Saraikela-kharsawan,2020,0.347488605,,,,Low Risk
Jharkhand,Saraikela-kharsawan,2021,0.409264201,,,,Low Risk
Jharkhand,Simdega,2020,0.523938537,,0.313961386,,Low Risk
Jharkhand,Simdega,2021,0.472795516,,0.259327556,,Low Risk
Karnataka,Bagalkot,2020,0.603328366,0.500709908,0.436809325,0.513615866,Medium Risk
Karnataka,Bagalkot,2021,0.236104705,0.500709908,0.507543338,0.414785984,Medium Risk
Karnataka,Bangalore,2020,0.21015302,0.666501388,,,Low Risk
Karnataka,Bangalore,2021,0.467067959,0.666501388,,,Low Risk
Karnataka,BangaloreRural,2020,0.296385803,,,,Low Risk
Karnataka,BangaloreRural,2021,0.639701449,,,,Low Risk
Karnataka,Belgaum,2020,0.534644375,0.545065165,,,Low Risk
Karnataka,Belgaum,2021,0.408797952,0.545065165,,,Low Risk
Karnataka,Bellary,2020,0.572679963,0.553659979,,,Low Risk
Karnataka,Bellary,2021,0.382647422,0.553659979,,,Low Risk
Karnataka,Bidar,2020,0.757504569,0.547526956,0.449163578,0.584731701,High Risk
Karnataka,Bidar,2021,0.494089625,0.547526956,0.430094504,0.490570362,Medium Risk
Karnataka,Bijapur,2020,0.518509066,0.532742919,,,Low Risk
Karnataka,Bijapur,2021,0.584776512,0.532742919,,,Low Risk
Karnataka,Chamrajnagar,2020,0.412186604,,,,Low Risk
Karnataka,Chamrajnagar,2021,0.33934087,,,,Low Risk
Karnataka,Chikballapura,2020,0.519937368,,,,Low Risk
Karnataka,Chikballapura,2021,0.748503554,,,,Low Risk
Karnataka,Chikmagalur,2020,0.408940074,0.646049713,,,Low Risk
Karnataka,Chikmagalur,2021,0.383506028,0.646049713,,,Low Risk
Karnataka,Chitradurga,2020,0.523658067,0.600378542,0.491362374,0.538466327,High Risk
Karnataka,Chitradurga,2021,0.556248732,0.600378542,0.523925444,0.560184239,High Risk
Karnataka,DakshinaKannada,2020,0.500572654,,,,Low Risk
Karnataka,DakshinaKannada,2021,0.307388898,,,,Low Risk
Karnataka,Davanagere,2020,0.328598054,0.644764744,0.514024874,0.495795891,Medium Risk
Karnataka,Davanagere,2021,0.383722235,0.644764744,0.559107963,0.529198314,High Risk
Karnataka,Dharwad,2020,0.442221532,0.59136392,0.343274256,0.458953236,Medium Risk
Karnataka,Dharwad,2021,0.521510241,0.59136392,0.409288604,0.507387588,Medium Risk
Karnataka,Gadag,2020,0.475666817,0.529966495,0.408141639,0.471258317,Medium Risk
Karnataka,Gadag,2021,0.406005016,0.529966495,0.431677858,0.455883123,Medium Risk
Karnataka,Gulbarga,2020,0.862147862,0.511199943,,,Low Risk
Karnataka,Gulbarga,2021,0.606665972,0.511199943,,,Low Risk
Karnataka,Hassan,2020,0.354958233,0.658391202,0.550698012,0.521349149,Medium Risk
Karnataka,Hassan,2021,0.427056328,0.658391202,0.568981317,0.551476283,High Risk
Karnataka,Haveri,2020,0.304653671,0.62194869,0.512947164,0.479849842,Medium Risk
Karnataka,Haveri,2021,0.462031803,0.62194869,0.538876125,0.540952206,High Risk
Karnataka,Kodagu,2020,0.428312912,0.645500212,0.477164317,0.51699248,Medium Risk
Karnataka,Kodagu,2021,0.308097099,0.645500212,0.453238854,0.468945389,Medium Risk
Karnataka,Kolar,2020,0.551122243,0.658888709,0.435004287,0.548338413,High Risk
Karnataka,Kolar,2021,0.681698312,0.658888709,0.472690579,0.604425867,High Risk
Karnataka,Koppal,2020,0.706581915,0.52873382,0.461414066,0.5655766,High Risk
Karnataka,Koppal,2021,0.383497001,0.52873382,0.478508381,0.463579734,Medium Risk
Karnataka,Mandya,2020,0.23775058,0.664665953,0.538951876,0.480456136,Medium Risk
Karnataka,Mandya,2021,0.363858784,0.664665953,0.511468643,0.513331127,Medium Risk
Karnataka,Mysore,2020,0.32778136,0.643508,,,Low Risk
Karnataka,Mysore,2021,0.264106815,0.643508,,,Low Risk
Karnataka,Raichur,2020,0.63211756,0.505530187,0.551050071,0.562899273,High Risk
Karnataka,Raichur,2021,0.335383142,0.505530187,0.542644961,0.461186097,Medium Risk
Karnataka,Ramanagara,2020,0.286790287,,0.514144698,,Low Risk
Karnataka,Ramanagara,2021,0.515464309,,0.541081821,,Low Risk
Karnataka,Shimoga,2020,0.357191694,0.639844999,0.58496468,0.527333791,High Risk
Karnataka,Shimoga,2021,0.406897053,0.639844999,0.586764531,0.544502194,High Risk
Karnataka,Tumkur,2020,0.423082628,0.616667616,,,Low Risk
Karnataka,Tumkur,2021,0.684793951,0.616667616,,,Low Risk
Karnataka,Udupi,2020,0.60084794,0.651608723,0.478720614,0.577059092,High Risk
Karnataka,Udupi,2021,0.361645366,0.651608723,0.477778681,0.497010923,Medium Risk
Karnataka,UttaraKannada,2020,0.586236869,,,,Low Risk
Karnataka,UttaraKannada,2021,0.500824171,,,,Low Risk
Karnataka,Yadgir,2020,0.83994709,0.447805313,,,Low Risk
Karnataka,Yadgir,2021,0.486515425,0.447805313,,,Low Risk
Kerala,Alappuzha,2020,0.600355507,0.734817687,,,Low Risk
Kerala,Alappuzha,2021,0.839645683,0.734817687,,,Low Risk
Kerala,Ernakulam,2020,0.426522813,0.745873684,,,Low Risk
Kerala,Ernakulam,2021,0.69389679,0.745873684,,,Low Risk
Kerala,Idukki,2020,0.556075153,0.713053165,0.506822039,0.591983452,High Risk
Kerala,Idukki,2021,0.718427358,0.713053165,0.525052342,0.652177622,High Risk
Kerala,Kannur,2020,0.614275492,0.736650912,0.494835012,0.615253805,High Risk
Kerala,Kannur,2021,0.443858852,0.736650912,,,Low Risk
Kerala,Kasaragod,2020,0.611605426,0.699510784,,,Low Risk
Kerala,Kasaragod,2021,0.335681342,0.699510784,,,Low Risk
Kerala,Kollam,2020,0.202947274,0.750976617,,,Low Risk
Kerala,Kollam,2021,0.799179336,0.750976617,,,Low Risk
Kerala,Kottayam,2020,0.42771817,0.716030196,0.444711753,0.529486706,High Risk
Kerala,Kottayam,2021,0.819630071,0.716030196,0.497828393,0.677829553,High Risk
Kerala,Kozhikode,2020,0.431327662,0.751845897,,,Low Risk
Kerala,Kozhikode,2021,0.423112633,0.751845897,,,Low Risk
Kerala,Malappuram,2020,0.408479637,0.693151092,0.585273328,0.562301352,High Risk
Kerala,Malappuram,2021,0.630766241,0.693151092,0.599161839,0.641026391,High Risk
Kerala,Palakkad,2020,0.474275076,0.669408314,0.569543202,0.571075531,High Risk
Kerala,Palakkad,2021,0.517270943,0.669408314,0.59257836,0.593085872,High Risk
Kerala,Pathanamthitta,2020,0.313892126,0.779253909,0.459885503,0.517677179,Medium Risk
Kerala,Pathanamthitta,2021,0.808964567,0.779253909,0.484563658,0.690927378,High Risk
Kerala,Thiruvananthapuram,2020,0.277943378,0.729958787,,,Low Risk
Kerala,Thiruvananthapuram,2021,0.779122852,0.729958787,,,Low Risk
Kerala,Thrissur,2020,0.320808975,0.717408923,,,Low Risk
Kerala,Thrissur,2021,0.573212036,0.717408923,,,Low Risk
Kerala,Wayanad,2020,0.527738171,0.691731666,,,Low Risk
Kerala,Wayanad,2021,0.517102794,0.691731666,,,Low Risk
Lakshadweep,Lakshadweep,2020,,0.757234359,0.169074554,,Low Risk
Lakshadweep,Lakshadweep,2021,,0.757234359,0.138621025,,Low Risk
MadhyaPradesh,AgarMalwa,2020,0.241890122,,,,Low Risk
MadhyaPradesh,AgarMalwa,2021,0.432531853,,,,Low Risk
MadhyaPradesh,Alirajpur,2020,0.435434838,,,,Low Risk
MadhyaPradesh,Alirajpur,2021,0.419378513,,,,Low Risk
MadhyaPradesh,Anuppur,2020,0.336668642,,,,Low Risk
MadhyaPradesh,Anuppur,2021,0.415467997,,,,Low Risk
MadhyaPradesh,Ashoknagar,2020,0.168438108,,,,Low Risk
MadhyaPradesh,Ashoknagar,2021,0.603409251,,,,Low Risk
MadhyaPradesh,Balaghat,2020,0.496249513,,,,Low Risk
MadhyaPradesh,Balaghat,2021,0.181580132,,,,Low Risk
MadhyaPradesh,Barwani,2020,0.4533323,,,,Low Risk
MadhyaPradesh,Barwani,2021,0.297005024,,,,Low Risk
MadhyaPradesh,Betul,2020,0.362635649,,,,Low Risk
MadhyaPradesh,Betul,2021,0.336738853,,,,Low Risk
MadhyaPradesh,Bhind,2020,0.126924848,,,,Low Risk
MadhyaPradesh,Bhind,2021,0.356511113,,,,Low Risk
MadhyaPradesh,Bhopal,2020,0.391641042,,,,Low Risk
MadhyaPradesh,Bhopal,2021,0.445816072,,,,Low Risk
MadhyaPradesh,Burhanpur,2020,0.304360034,,,,Low Risk
MadhyaPradesh,Burhanpur,2021,0.208627147,,,,Low Risk
MadhyaPradesh,Chhatarpur,2020,0.249816623,,,,Low Risk
MadhyaPradesh,Chhatarpur,2021,0.21827337,,,,Low Risk
MadhyaPradesh,Chhindwara,2020,0.44414332,,,,Low Risk
MadhyaPradesh,Chhindwara,2021,0.182037176,,,,Low Risk
MadhyaPradesh,Damoh,2020,0.280441322,,,,Low Risk
MadhyaPradesh,Damoh,2021,0.152118458,,,,Low Risk
MadhyaPradesh,Datia,2020,0.121173871,,,,Low Risk
MadhyaPradesh,Datia,2021,0.481998631,,,,Low Risk
MadhyaPradesh,Dewas,2020,0.573858328,,,,Low Risk
MadhyaPradesh,Dewas,2021,0.275432857,,,,Low Risk
MadhyaPradesh,Dhar,2020,0.478083538,,,,Low Risk
MadhyaPradesh,Dhar,2021,0.288027987,,,,Low Risk
MadhyaPradesh,Dindori,2020,0.511748111,,,,Low Risk
MadhyaPradesh,Dindori,2021,0.637908782,,,,Low Risk
MadhyaPradesh,EastNimar,2020,0.271522402,,,,Low Risk
MadhyaPradesh,EastNimar,2021,0.140434003,,,,Low Risk
MadhyaPradesh,Guna,2020,0.227135437,,,,Low Risk
MadhyaPradesh,Guna,2021,0.632679245,,,,Low Risk
MadhyaPradesh,Gwalior,2020,0.190690505,,,,Low Risk
MadhyaPradesh,Gwalior,2021,0.51827857,,,,Low Risk
MadhyaPradesh,Harda,2020,0.368670429,,,,Low Risk
MadhyaPradesh,Harda,2021,0.253218277,,,,Low Risk
MadhyaPradesh,Hoshangabad,2020,0.482429906,,,,Low Risk
MadhyaPradesh,Hoshangabad,2021,0.349311103,,,,Low Risk
MadhyaPradesh,Indore,2020,0.558126777,,,,Low Risk
MadhyaPradesh,Indore,2021,0.196658784,,,,Low Risk
MadhyaPradesh,Jabalpur,2020,0.326062687,,,,Low Risk
MadhyaPradesh,Jabalpur,2021,0.178315433,,,,Low Risk
MadhyaPradesh,Jhabua,2020,0.451109585,,,,Low Risk
MadhyaPradesh,Jhabua,2021,0.334708093,,,,Low Risk
MadhyaPradesh,Katni,2020,0.168108714,,,,Low Risk
MadhyaPradesh,Katni,2021,0.19895737,,,,Low Risk
MadhyaPradesh,Mandla,2020,0.595184948,,,,Low Risk
MadhyaPradesh,Mandla,2021,0.16301053,,,,Low Risk
MadhyaPradesh,Mandsaur,2020,0.141622499,,,,Low Risk
MadhyaPradesh,Mandsaur,2021,0.518662417,,,,Low Risk
MadhyaPradesh,Morena,2020,0.187530998,,,,Low Risk
MadhyaPradesh,Morena,2021,0.359391183,,,,Low Risk
MadhyaPradesh,Narsimhapur,2020,0.452402574,,,,Low Risk
MadhyaPradesh,Narsimhapur,2021,0.199045921,,,,Low Risk
MadhyaPradesh,Neemuch,2020,0.048413634,,,,Low Risk
MadhyaPradesh,Neemuch,2021,0.490390578,,,,Low Risk
MadhyaPradesh,Panna,2020,0.255595782,,,,Low Risk
MadhyaPradesh,Panna,2021,0.132296013,,,,Low Risk
MadhyaPradesh,Raisen,2020,0.381092673,,,,Low Risk
MadhyaPradesh,Raisen,2021,0.315249654,,,,Low Risk
MadhyaPradesh,Rajgarh,2020,0.267996511,,,,Low Risk
MadhyaPradesh,Rajgarh,2021,0.487167097,,,,Low Risk
MadhyaPradesh,Ratlam,2020,0.453822575,,,,Low Risk
MadhyaPradesh,Ratlam,2021,0.56967548,,,,Low Risk
MadhyaPradesh,Rewa,2020,0.452549301,,,,Low Risk
MadhyaPradesh,Rewa,2021,0.697576772,,,,Low Risk
MadhyaPradesh,Sagar,2020,0.238109282,,,,Low Risk
MadhyaPradesh,Sagar,2021,0.242704114,,,,Low Risk
MadhyaPradesh,Satna,2020,0.343353152,,,,Low Risk
MadhyaPradesh,Satna,2021,0.333799159,,,,Low Risk
MadhyaPradesh,Sehore,2020,0.443208629,,,,Low Risk
MadhyaPradesh,Sehore,2021,0.349807369,,,,Low Risk
MadhyaPradesh,Seoni,2020,0.470327748,,,,Low Risk
MadhyaPradesh,Seoni,2021,0.086203021,,,,Low Risk
MadhyaPradesh,Shahdol,2020,0.380322474,,,,Low Risk
MadhyaPradesh,Shahdol,2021,0.549835956,,,,Low Risk
MadhyaPradesh,Shajapur,2020,0.48872117,,,,Low Risk
MadhyaPradesh,Shajapur,2021,0.530211487,,,,Low Risk
MadhyaPradesh,Sheopur,2020,0.173402388,,,,Low Risk
MadhyaPradesh,Sheopur,2021,0.61449041,,,,Low Risk
MadhyaPradesh,Shivpuri,2020,0.170747397,,,,Low Risk
MadhyaPradesh,Shivpuri,2021,0.661941843,,,,Low Risk
MadhyaPradesh,Sidhi,2020,0.485532059,,,,Low Risk
MadhyaPradesh,Sidhi,2021,0.449627536,,,,Low Risk
MadhyaPradesh,Singrauli,2020,0.472907585,,,,Low Risk
MadhyaPradesh,Singrauli,2021,0.619688512,,,,Low Risk
MadhyaPradesh,Tikamgarh,2020,0.199923432,,,,Low Risk
MadhyaPradesh,Tikamgarh,2021,0.425416369,,,,Low Risk
MadhyaPradesh,Ujjain,2020,0.435280963,,,,Low Risk
MadhyaPradesh,Ujjain,2021,0.455437873,,,,Low Risk
MadhyaPradesh,Umaria,2020,0.266550055,,,,Low Risk
MadhyaPradesh,Umaria,2021,0.279781839,,,,Low Risk
MadhyaPradesh,Vidisha,2020,0.331365769,,,,Low Risk
MadhyaPradesh,Vidisha,2021,0.31505015,,,,Low Risk
MadhyaPradesh,WestNimar,2020,0.398438272,,,,Low Risk
MadhyaPradesh,WestNimar,2021,0.098041659,,,,Low Risk
Maharashtra,Ahmadnagar,2020,0.492645274,,,,Low Risk
Maharashtra,Ahmadnagar,2021,0.395514828,,,,Low Risk
Maharashtra,Akola,2020,0.218448386,,0.531975015,,Low Risk
Maharashtra,Akola,2021,0.34698521,,0.551219329,,Low Risk
Maharashtra,Amravati,2020,0.152926645,,,,Low Risk
Maharashtra,Amravati,2021,0.291233702,,,,Low Risk
Maharashtra,Aurangabad,2020,0.521214403,,,,Low Risk
Maharashtra,Aurangabad,2021,0.633531028,,,,Low Risk
Maharashtra,Bhandara,2020,0.4539243,,0.518693252,,Low Risk
Maharashtra,Bhandara,2021,0.209770239,,0.494137616,,Low Risk
Maharashtra,Bid,2020,0.459034978,,,,Low Risk
Maharashtra,Bid,2021,0.676883329,,,,Low Risk
Maharashtra,Buldana,2020,0.251896278,,,,Low Risk
Maharashtra,Buldana,2021,0.444953489,,,,Low Risk
Maharashtra,Chandrapur,2020,0.127947704,,0.585921586,,Low Risk
Maharashtra,Chandrapur,2021,0.252496671,,0.579451545,,Low Risk
Maharashtra,Dhule,2020,0.604440358,,0.534742293,,Low Risk
Maharashtra,Dhule,2021,0.540894923,,0.503368382,,Low Risk
Maharashtra,Garhchiroli,2020,0.279993463,,,,Low Risk
Maharashtra,Garhchiroli,2021,0.098820762,,,,Low Risk
Maharashtra,Gondiya,2020,0.319815583,,,,Low Risk
Maharashtra,Gondiya,2021,0.161031633,,,,Low Risk
Maharashtra,Hingoli,2020,0.394043657,,0.506207448,,Low Risk
Maharashtra,Hingoli,2021,0.406346981,,0.50001319,,Low Risk
Maharashtra,Jalgaon,2020,0.396267878,,0.628981252,,Low Risk
Maharashtra,Jalgaon,2021,0.58474754,,0.626653582,,Low Risk
Maharashtra,Jalna,2020,0.45980591,,0.590435923,,Low Risk
Maharashtra,Jalna,2021,0.563499268,,0.58035943,,Low Risk
Maharashtra,Kolhapur,2020,0.495412761,,0.54815914,,Low Risk
Maharashtra,Kolhapur,2021,0.600217945,,0.531562868,,Low Risk
Maharashtra,Latur,2020,0.572814325,,0.517855173,,Low Risk
Maharashtra,Latur,2021,0.55566791,,0.542501033,,Low Risk
Maharashtra,MumbaiCity,2020,0.90021645,,,,Low Risk
Maharashtra,MumbaiCity,2021,0.527092352,,,,Low Risk
Maharashtra,MumbaiSuburban,2020,0.691602472,,,,Low Risk
Maharashtra,MumbaiSuburban,2021,0.569569893,,,,Low Risk
Maharashtra,Nagpur,2020,0.272384824,,,,Low Risk
Maharashtra,Nagpur,2021,0.239941841,,,,Low Risk
Maharashtra,Nanded,2020,0.330453743,,0.595260983,,Low Risk
Maharashtra,Nanded,2021,0.500762075,,0.584332285,,Low Risk
Maharashtra,Nandurbar,2020,0.543704538,,0.434384867,,Low Risk
Maharashtra,Nandurbar,2021,0.341000269,,0.403024066,,Low Risk
Maharashtra,Nashik,2020,0.501376365,,,,Low Risk
Maharashtra,Nashik,2021,0.396773489,,,,Low Risk
Maharashtra,Osmanabad,2020,0.651675067,,0.545324342,,Low Risk
Maharashtra,Osmanabad,2021,0.640321532,,0.546276625,,Low Risk
Maharashtra,Palghar,2020,0.714062097,,0.434523008,,Low Risk
Maharashtra,Palghar,2021,0.47281077,,0.430609423,,Low Risk
Maharashtra,Parbhani,2020,0.408314416,,0.586999307,,Low Risk
Maharashtra,Parbhani,2021,0.605941958,,0.57101712,,Low Risk
Maharashtra,Pune,2020,0.567546846,,,,Low Risk
Maharashtra,Pune,2021,0.215334716,,,,Low Risk
Maharashtra,Raigarh,2020,0.565185362,,,,Low Risk
Maharashtra,Raigarh,2021,0.510845635,,,,Low Risk
Maharashtra,Ratnagiri,2020,0.582986975,,0.39446648,,Low Risk
Maharashtra,Ratnagiri,2021,0.666443045,,0.409580932,,Low Risk
Maharashtra,Sangli,2020,0.752547233,,0.540173055,,Low Risk
Maharashtra,Sangli,2021,0.415485964,,0.545221634,,Low Risk
Maharashtra,Satara,2020,0.577261622,,0.596934895,,Low Risk
Maharashtra,Satara,2021,0.521992632,,0.592377432,,Low Risk
Maharashtra,Sindhudurg,2020,0.657757335,,0.360222468,,Low Risk
Maharashtra,Sindhudurg,2021,0.555009366,,0.369044477,,Low Risk
Maharashtra,Solapur,2020,0.689633261,,,,Low Risk
Maharashtra,Solapur,2021,0.492671698,,,,Low Risk
Maharashtra,Thane,2020,0.422438731,,,,Low Risk
Maharashtra,Thane,2021,0.423589904,,,,Low Risk
Maharashtra,Wardha,2020,0.133197146,,0.567253874,,Low Risk
Maharashtra,Wardha,2021,0.253291485,,0.533739226,,Low Risk
Maharashtra,Washim,2020,0.305676396,,0.514884788,,Low Risk
Maharashtra,Washim,2021,0.383702362,,0.481594901,,Low Risk
Maharashtra,Yavatmal,2020,0.175266348,,0.600536502,,Low Risk
Maharashtra,Yavatmal,2021,0.336059543,,0.62441656,,Low Risk
Manipur,Bishnupur,2020,0.255368955,0.639616597,0.153824096,0.349603216,Low Risk
Manipur,Bishnupur,2021,0.140589479,0.639616597,0.148197744,0.30946794,Low Risk
Manipur,Chandel,2020,0.318647388,0.566096951,0.059553666,0.314766002,Low Risk
Manipur,Chandel,2021,0.194807478,0.566096951,0.052418979,0.271107802,Low Risk
Manipur,Churachandpur,2020,0.331003362,0.606205752,0.116317625,0.35117558,Low Risk
Manipur,Churachandpur,2021,0.250854463,0.606205752,0.097196328,0.318085515,Low Risk
Manipur,ImphalEast,2020,0.399971211,,,,Low Risk
Manipur,ImphalEast,2021,0.136758804,,,,Low Risk
Manipur,ImphalWest,2020,0.257983511,,,,Low Risk
Manipur,ImphalWest,2021,0.06906121,,,,Low Risk
Manipur,Senapati,2020,0.388924127,0.575650919,0.071258322,0.34527779,Low Risk
Manipur,Senapati,2021,0.02688172,0.575650919,0.071258322,0.224596987,Low Risk
Manipur,Tamenglong,2020,0.378612125,0.536118933,0,0.304910353,Low Risk
Manipur,Tamenglong,2021,0.116569007,0.536118933,0,0.217562647,Low Risk
Manipur,Thoubal,2020,0.321731983,0.627683808,0.174186943,0.374534244,Medium Risk
Manipur,Thoubal,2021,0.206271039,0.627683808,0.204507156,0.346154001,Low Risk
Manipur,Ukhrul,2020,0.407614661,0.593369553,0.033072693,0.344685636,Low Risk
Manipur,Ukhrul,2021,0.084325642,0.593369553,0.117254501,0.264983232,Low Risk
Meghalaya,EastGaroHills,2020,0.540869571,,,,Low Risk
Meghalaya,EastGaroHills,2021,0.546234145,,,,Low Risk
Meghalaya,EastKhasiHills,2020,0.644643068,,,,Low Risk
Meghalaya,EastKhasiHills,2021,0.364586002,,,,Low Risk
Meghalaya,JaintiaHills,2020,0.444740143,,,,Low Risk
Meghalaya,JaintiaHills,2021,0.248556436,,,,Low Risk
Meghalaya,NorthGaroHills,2020,0.647242889,,,,Low Risk
Meghalaya,NorthGaroHills,2021,0.237447718,,,,Low Risk
Meghalaya,RiBhoi,2020,0.595378267,,,,Low Risk
Meghalaya,RiBhoi,2021,0.299307346,,,,Low Risk
Meghalaya,SouthGaroHills,2020,0.651216897,,,,Low Risk
Meghalaya,SouthGaroHills,2021,0.511491094,,,,Low Risk
Meghalaya,SouthWestGaroHills,2020,0.721349913,,,,Low Risk
Meghalaya,SouthWestGaroHills,2021,0.531683462,,,,Low Risk
Meghalaya,SouthWestKhasiHills,2020,0.73840168,,,,Low Risk
Meghalaya,SouthWestKhasiHills,2021,0.578281041,,,,Low Risk
Meghalaya,WestGaroHills,2020,0.590623587,,,,Low Risk
Meghalaya,WestGaroHills,2021,0.497244561,,,,Low Risk
Meghalaya,WestKhasiHills,2020,0.577273369,,,,Low Risk
Meghalaya,WestKhasiHills,2021,0.51087721,,,,Low Risk
Mizoram,Aizawl,2020,0.226760693,0.71383902,0.227056733,0.389218815,Medium Risk
Mizoram,Aizawl,2021,0.182963993,0.71383902,0.229558913,0.375453975,Medium Risk
Mizoram,Champhai,2020,0.158787498,0.663797837,0.160582438,0.327722591,Low Risk
Mizoram,Champhai,2021,0.153302822,0.663797837,0.104331016,0.307143892,Low Risk
Mizoram,Kolasib,2020,0.341060525,0.658998326,0.14384956,0.381302804,Medium Risk
Mizoram,Kolasib,2021,0.25984172,0.658998326,0.152700104,0.35718005,Low Risk
Mizoram,Lawangtlai,2020,0.336678944,,,,Low Risk
Mizoram,Lawangtlai,2021,0.395051215,,,,Low Risk
Mizoram,Lunglei,2020,0.239978023,0.653094289,0.133388967,0.34215376,Low Risk
Mizoram,Lunglei,2021,0.171903917,0.653094289,0.119938519,0.314978908,Low Risk
Mizoram,Mamit,2020,0.152416928,0.652809955,0.137731942,0.314319608,Low Risk
Mizoram,Mamit,2021,0.164265294,0.652809955,0.144868093,0.320647781,Low Risk
Mizoram,Saiha,2020,0.354514715,0.640173202,0.071258322,0.355315413,Low Risk
Mizoram,Saiha,2021,0.391943695,0.640173202,0.042363202,0.358160033,Low Risk
Mizoram,Serchhip,2020,0.107514769,0.714969376,0.106804815,0.309762987,Low Risk
Mizoram,Serchhip,2021,0.128742576,0.714969376,0.101916868,0.315209607,Low Risk
NCTofDelhi,West,2020,0.382453122,,,,Low Risk
NCTofDelhi,West,2021,0.706746643,,,,Low Risk
Nagaland,Dimapur,2020,0.408338411,0.621723291,0.135803115,0.388621606,Medium Risk
Nagaland,Dimapur,2021,0.04567224,0.621723291,0.158164409,0.275186647,Low Risk
Nagaland,Kiphire,2020,0.344714712,0.514568349,0.033072693,0.297451918,Low Risk
Nagaland,Kiphire,2021,0.073519547,0.514568349,0,0.196029299,Low Risk
Nagaland,Kohima,2020,0.37082244,0.661460034,0.081314099,0.371198858,Medium Risk
Nagaland,Kohima,2021,0.07688172,0.661460034,0.080969988,0.273103914,Low Risk
Nagaland,Longleng,2020,0.217545139,0.556586339,0,0.258043826,Low Risk
Nagaland,Longleng,2021,0.107020106,0.556586339,0.015882229,0.226496225,Low Risk
Nagaland,Mokokchung,2020,0.25999441,0.617100027,0.066597434,0.314563957,Low Risk
Nagaland,Mokokchung,2021,0.125444698,0.617100027,0.08148302,0.274675915,Low Risk
Nagaland,Mon,2020,0.181593283,0.49825771,0.103927593,0.261259529,Low Risk
Nagaland,Mon,2021,0.08146231,0.49825771,0.126911274,0.235543764,Low Risk
Nagaland,Peren,2020,0.340489105,0.532533048,0.014178456,0.295733536,Low Risk
Nagaland,Peren,2021,0.034364261,0.532533048,0,0.18896577,Low Risk
Nagaland,Phek,2020,0.443857695,0.557027437,0.042363202,0.347749445,Low Risk
Nagaland,Phek,2021,0.069207253,0.557027437,0.052418979,0.226217889,Low Risk
Nagaland,Tuensang,2020,0.248554399,0.542447617,0.015882229,0.268961415,Low Risk
Nagaland,Tuensang,2021,0.078135058,0.542447617,0.110084877,0.243555851,Low Risk
Nagaland,Wokha,2020,0.24440118,0.590371879,0.059553666,0.298108908,Low Risk
Nagaland,Wokha,2021,0.110061443,0.590371879,0.052418979,0.250950767,Low Risk
Nagaland,Zunheboto,2020,0.391288682,0.52001613,0.071258322,0.327521045,Low Risk
Nagaland,Zunheboto,2021,0.077468889,0.52001613,0.050263157,0.215916059,Low Risk
Odisha,Anugul,2020,0.721570383,,,,Low Risk
Odisha,Anugul,2021,0.545684035,,,,Low Risk
Odisha,Balangir,2020,0.46599952,,,,Low Risk
Odisha,Balangir,2021,0.276297227,,,,Low Risk
Odisha,Baleshwar,2020,0.367539445,,,,Low Risk
Odisha,Baleshwar,2021,0.696627758,,,,Low Risk
Odisha,Bargarh,2020,0.543665951,,,,Low Risk
Odisha,Bargarh,2021,0.267373364,,,,Low Risk
Odisha,Bauda,2020,0.697071211,,,,Low Risk
Odisha,Bauda,2021,0.538499474,,,,Low Risk
Odisha,Bhadrak,2020,0.357617046,,0.592424477,,Low Risk
Odisha,Bhadrak,2021,0.728222206,,0.599142042,,Low Risk
Odisha,Cuttack,2020,0.475181532,,0.556143816,,Low Risk
Odisha,Cuttack,2021,0.721107972,,0.57075928,,Low Risk
Odisha,Debagarh,2020,0.659011116,,,,Low Risk
Odisha,Debagarh,2021,0.449349935,,,,Low Risk
Odisha,Dhenkanal,2020,0.52044906,,0.561221809,,Low Risk
Odisha,Dhenkanal,2021,0.535851246,,0.608776958,,Low Risk
Odisha,Gajapati,2020,0.344591129,,0.424646697,,Low Risk
Odisha,Gajapati,2021,0.557278596,,0.472227748,,Low Risk
Odisha,Ganjam,2020,0.270337185,,0.556418343,,Low Risk
Odisha,Ganjam,2021,0.519385099,,0.623260904,,Low Risk
Odisha,Jagatsinghapur,2020,0.550866758,,,,Low Risk
Odisha,Jagatsinghapur,2021,0.881609869,,,,Low Risk
Odisha,Jajapur,2020,0.488713176,,,,Low Risk
Odisha,Jajapur,2021,0.57280733,,,,Low Risk
Odisha,Jharsuguda,2020,0.617902419,,0.54923826,,Low Risk
Odisha,Jharsuguda,2021,0.238392997,,0.528716086,,Low Risk
Odisha,Kalahandi,2020,0.358227544,,0.573926846,,Low Risk
Odisha,Kalahandi,2021,0.180972465,,0.633284232,,Low Risk
Odisha,Kandhamal,2020,0.479684915,,0.468706088,,Low Risk
Odisha,Kandhamal,2021,0.399730322,,0.512544412,,Low Risk
Odisha,Kendrapara,2020,0.465538881,,0.561896118,,Low Risk
Odisha,Kendrapara,2021,0.823931268,,0.575083072,,Low Risk
Odisha,Kendujhar,2020,0.442884851,,,,Low Risk
Odisha,Kendujhar,2021,0.434220077,,,,Low Risk
Odisha,Khordha,2020,0.253107849,,,,Low Risk
Odisha,Khordha,2021,0.729743543,,,,Low Risk
Odisha,Koraput,2020,0.415607596,,0.530029851,,Low Risk
Odisha,Koraput,2021,0.358707356,,0.549244136,,Low Risk
Odisha,Malkangiri,2020,0.329035741,,0.482579999,,Low Risk
Odisha,Malkangiri,2021,0.193906073,,0.508462712,,Low Risk
Odisha,Mayurbhanj,2020,0.45560327,,0.672098482,,Low Risk
Odisha,Mayurbhanj,2021,0.552972301,,0.680504758,,Low Risk
Odisha,Nabarangapur,2020,0.421642934,,,,Low Risk
Odisha,Nabarangapur,2021,0.115476333,,,,Low Risk
Odisha,Nayagarh,2020,0.289084902,,0.490743798,,Low Risk
Odisha,Nayagarh,2021,0.61849435,,0.492322436,,Low Risk
Odisha,Nuapada,2020,0.487417089,,0.500555604,,Low Risk
Odisha,Nuapada,2021,0.29081804,,0.50203091,,Low Risk
Odisha,Puri,2020,0.26280642,,0.575354449,,Low Risk
Odisha,Puri,2021,0.715343164,,0.56096254,,Low Risk
Odisha,Rayagada,2020,0.304421724,,0.540961814,,Low Risk
Odisha,Rayagada,2021,0.24582802,,0.501737666,,Low Risk
Odisha,Sambalpur,2020,0.608764103,,0.56871005,,Low Risk
Odisha,Sambalpur,2021,0.406467825,,0.584485787,,Low Risk
Odisha,Subarnapur,2020,0.571801263,,,,Low Risk
Odisha,Subarnapur,2021,0.30606266,,,,Low Risk
Odisha,Sundargarh,2020,0.540204571,,0.540999629,,Low Risk
Odisha,Sundargarh,2021,0.49841027,,0.547353949,,Low Risk
Puducherry,Karaikal,2020,0.522422227,0.674911643,0,0.39911129,Medium Risk
Puducherry,Karaikal,2021,0.697136219,0.674911643,0,0.457349287,Medium Risk
Puducherry,Mahe,2020,0.699879135,0.731980646,,,Low Risk
Puducherry,Mahe,2021,0.452073407,0.731980646,,,Low Risk
Puducherry,Puducherry,2020,0.45753183,0.706783494,,,Low Risk
Puducherry,Puducherry,2021,0.713149001,0.706783494,0.29871318,0.572881892,High Risk
Puducherry,Yanam,2020,0.511393962,0.667142454,,,Low Risk
Puducherry,Yanam,2021,0.453314293,0.667142454,,,Low Risk
Punjab,Amritsar,2020,0.256771737,,,,Low Risk
Punjab,Amritsar,2021,0.327819697,,,,Low Risk
Punjab,Barnala,2020,0.485345298,,0.277365233,,Low Risk
Punjab,Barnala,2021,0.500936444,,0.308683253,,Low Risk
Punjab,Bathinda,2020,0.488325945,,0.344240277,,Low Risk
Punjab,Bathinda,2021,0.310040272,,0.347195255,,Low Risk
Punjab,Faridkot,2020,0.490031379,,0.289918098,,Low Risk
Punjab,Faridkot,2021,0.427724735,,0.268817814,,Low Risk
Punjab,FatehgarhSahib,2020,0.161813017,,,,Low Risk
Punjab,FatehgarhSahib,2021,0.246024402,,,,Low Risk
Punjab,Fazilka,2020,0.385022735,,0.370509839,,Low Risk
Punjab,Fazilka,2021,0.344838179,,0.368678695,,Low Risk
Punjab,Firozpur,2020,0.460744013,,,,Low Risk
Punjab,Firozpur,2021,0.547253082,,,,Low Risk
Punjab,Gurdaspur,2020,0.249452027,,0.31072824,,Low Risk
Punjab,Gurdaspur,2021,0.308962824,,0.293568444,,Low Risk
Punjab,Hoshiarpur,2020,0.195492959,,0.314411692,,Low Risk
Punjab,Hoshiarpur,2021,0.296960899,,0.307489712,,Low Risk
Punjab,Jalandhar,2020,0.264175244,,,,Low Risk
Punjab,Jalandhar,2021,0.438261388,,,,Low Risk
Punjab,Kapurthala,2020,0.265765017,,0.321630858,,Low Risk
Punjab,Kapurthala,2021,0.383952652,,0.317603417,,Low Risk
Punjab,Ludhiana,2020,0.278241863,,,,Low Risk
Punjab,Ludhiana,2021,0.368379908,,,,Low Risk
Punjab,Mansa,2020,0.462694439,,0.338826549,,Low Risk
Punjab,Mansa,2021,0.399162527,,0.352215407,,Low Risk
Punjab,Moga,2020,0.503015283,,0.332946458,,Low Risk
Punjab,Moga,2021,0.555508653,,0.297871451,,Low Risk
Punjab,Muktsar,2020,0.578164819,,0.378270927,,Low Risk
Punjab,Muktsar,2021,0.4213681,,0.373727128,,Low Risk
Punjab,Pathankot,2020,0.334650792,,0.315557406,,Low Risk
Punjab,Pathankot,2021,0.25258917,,0.29598967,,Low Risk
Punjab,Patiala,2020,0.253804198,,0.373502458,,Low Risk
Punjab,Patiala,2021,0.318609119,,0.407852652,,Low Risk
Punjab,Rupnagar,2020,0.334079479,,,,Low Risk
Punjab,Rupnagar,2021,0.132992316,,,,Low Risk
Punjab,SahibzadaAjitSinghNagar,2020,0.319793081,,,,Low Risk
Punjab,SahibzadaAjitSinghNagar,2021,0.157337674,,,,Low Risk
Punjab,Sangrur,2020,0.374429454,,0.392426353,,Low Risk
Punjab,Sangrur,2021,0.324398435,,0.356728011,,Low Risk
Punjab,ShahidBhagatSinghNagar,2020,0.315517246,,,,Low Risk
Punjab,ShahidBhagatSinghNagar,2021,0.245632202,,,,Low Risk
Punjab,TarnTaran,2020,0.311796058,,,,Low Risk
Punjab,TarnTaran,2021,0.406608937,,,,Low Risk
Rajasthan,Ajmer,2020,0.078540311,0.622406294,0.68803955,0.462995385,Medium Risk
Rajasthan,Ajmer,2021,0.397306413,0.622406294,0.697679707,0.572464138,High Risk
Rajasthan,Alwar,2020,0.149751503,0.559208825,0.68706017,0.465340166,Medium Risk
Rajasthan,Alwar,2021,0.512731887,0.559208825,0.716708964,0.596216559,High Risk
Rajasthan,Banswara,2020,0.6046911,0.467605905,0.444724127,0.505673711,Medium Risk
Rajasthan,Banswara,2021,0.44301361,0.467605905,0.517453803,0.476024439,Medium Risk
Rajasthan,Baran,2020,0.158940822,0.506033573,0.626499879,0.430491425,Medium Risk
Rajasthan,Baran,2021,0.637719318,0.506033573,0.638333099,0.594028663,High Risk
Rajasthan,Barmer,2020,0.377894554,0.584767329,0.68261768,0.548426521,High Risk
Rajasthan,Barmer,2021,0.309093197,0.584767329,0.69651269,0.530124405,High Risk
Rajasthan,Bharatpur,2020,0.204123586,0.523307412,0.684927907,0.470786302,Medium Risk
Rajasthan,Bharatpur,2021,0.334153236,0.523307412,0.70187903,0.519779893,Medium Risk
Rajasthan,Bhilwara,2020,0.088674901,0.517764991,0.618118281,0.408186058,Medium Risk
Rajasthan,Bhilwara,2021,0.429667627,0.517764991,0.669216885,0.538883168,High Risk
Rajasthan,Bikaner,2020,0.366071002,0.574192803,0.561123974,0.500462593,Medium Risk
Rajasthan,Bikaner,2021,0.412086091,0.574192803,0.554336649,0.513538515,Medium Risk
Rajasthan,Bundi,2020,0.080200994,0.513263258,0.593031498,0.395498583,Medium Risk
Rajasthan,Bundi,2021,0.452208804,0.513263258,0.579585129,0.515019064,Medium Risk
Rajasthan,Chittaurgarh,2020,0.057752448,0.523481362,,,Low Risk
Rajasthan,Chittaurgarh,2021,0.274506471,0.523481362,,,Low Risk
Rajasthan,Churu,2020,0.220074748,0.530969793,0.53138973,0.42747809,Medium Risk
Rajasthan,Churu,2021,0.353221316,0.530969793,0.543155085,0.475782065,Medium Risk
Rajasthan,Dausa,2020,0.140006085,0.49465117,0.602292959,0.412316738,Medium Risk
Rajasthan,Dausa,2021,0.213801587,0.49465117,0.619206308,0.442553022,Medium Risk
Rajasthan,Dhaulpur,2020,0.131484312,0.441976813,,,Low Risk
Rajasthan,Dhaulpur,2021,0.27308849,0.441976813,,,Low Risk
Rajasthan,Dungarpur,2020,0.549002165,0.497703483,0.446261148,0.497655599,Medium Risk
Rajasthan,Dungarpur,2021,0.4559334,0.497703483,0.48526287,0.479633251,Medium Risk
Rajasthan,Ganganagar,2020,0.305883481,0.634652649,0.582199813,0.507578648,Medium Risk
Rajasthan,Ganganagar,2021,0.224668539,0.634652649,0.602064542,0.487128577,Medium Risk
Rajasthan,Hanumangarh,2020,0.283838754,0.557688866,0.549426028,0.463651216,Medium Risk
Rajasthan,Hanumangarh,2021,0.303017646,0.557688866,0.538910903,0.466539138,Medium Risk
Rajasthan,Jaipur,2020,0.283506043,0.641247866,,,Low Risk
Rajasthan,Jaipur,2021,0.475339811,0.641247866,,,Low Risk
Rajasthan,Jaisalmer,2020,0.339580815,0.577816586,0.536639863,0.484679088,Medium Risk
Rajasthan,Jaisalmer,2021,0.409952073,0.577816586,0.518401583,0.502056748,Medium Risk
Rajasthan,Jalor,2020,0.333982967,,,,Low Risk
Rajasthan,Jalor,2021,0.331023805,,,,Low Risk
Rajasthan,Jhalawar,2020,0.176802209,0.554537307,0.632126584,0.4544887,Medium Risk
Rajasthan,Jhalawar,2021,0.439987174,0.554537307,0.618458738,0.537661073,High Risk
Rajasthan,Jhunjhunun,2020,0.248500051,0.593107929,,,Low Risk
Rajasthan,Jhunjhunun,2021,0.346623006,0.593107929,,,Low Risk
Rajasthan,Jodhpur,2020,0.342090848,0.555008121,,,Low Risk
Rajasthan,Jodhpur,2021,0.410187425,0.555008121,,,Low Risk
Rajasthan,Karauli,2020,0.18058851,0.504315544,0.588077,0.424327018,Medium Risk
Rajasthan,Karauli,2021,0.442719096,0.504315544,0.630058124,0.525697588,High Risk
Rajasthan,Kota,2020,0.115837158,0.677983425,,,Low Risk
Rajasthan,Kota,2021,0.491561006,0.677983425,,,Low Risk
Rajasthan,Nagaur,2020,0.341729218,0.551542584,0.584322179,0.492531327,Medium Risk
Rajasthan,Nagaur,2021,0.40417643,0.551542584,0.604642474,0.520120496,Medium Risk
Rajasthan,Pali,2020,0.275477101,0.542031532,0.58250917,0.466672601,Medium Risk
Rajasthan,Pali,2021,0.299073469,0.542031532,0.61105602,0.484053674,Medium Risk
Rajasthan,Pratapgarh,2020,0.307836549,0.488307449,0.525136629,0.440426876,Medium Risk
Rajasthan,Pratapgarh,2021,0.590218961,0.488307449,0.553161524,0.543895978,High Risk
Rajasthan,Rajsamand,2020,0.174181768,0.52838535,0.547775195,0.416780771,Medium Risk
Rajasthan,Rajsamand,2021,0.239399374,0.52838535,0.593307602,0.453697442,Medium Risk
Rajasthan,SawaiMadhopur,2020,0.177281802,,,,Low Risk
Rajasthan,SawaiMadhopur,2021,0.432695972,,,,Low Risk
Rajasthan,Sikar,2020,0.206090243,0.599943835,0.657977062,0.488003713,Medium Risk
Rajasthan,Sikar,2021,0.356769443,0.599943835,0.714325903,0.55701306,High Risk
Rajasthan,Sirohi,2020,0.420906031,0.514431308,0.580988041,0.505441793,Medium Risk
Rajasthan,Sirohi,2021,0.27999932,0.514431308,0.586133071,0.4601879,Medium Risk
Rajasthan,Tonk,2020,0.127554232,0.572593209,0.637675717,0.445941053,Medium Risk
Rajasthan,Tonk,2021,0.374350213,0.572593209,0.613081357,0.520008259,Medium Risk
Rajasthan,Udaipur,2020,0.340796673,0.515904496,0.610739124,0.489146764,Medium Risk
Rajasthan,Udaipur,2021,0.492555869,0.515904496,0.664304359,0.557588241,High Risk
Sikkim,EastSikkim,2020,0.365743902,,,,Low Risk
Sikkim,EastSikkim,2021,0.714926025,,,,Low Risk
Sikkim,NorthSikkim,2020,0.770610376,,,,Low Risk
Sikkim,NorthSikkim,2021,0.595404156,,,,Low Risk
Sikkim,SouthSikkim,2020,0.535400907,,,,Low Risk
Sikkim,SouthSikkim,2021,0.651426256,,,,Low Risk
Sikkim,WestSikkim,2020,0.730066506,,,,Low Risk
Sikkim,WestSikkim,2021,0.627521263,,,,Low Risk
TamilNadu,Ariyalur,2020,0.515245334,,,,Low Risk
TamilNadu,Ariyalur,2021,0.580841613,,,,Low Risk
TamilNadu,Chennai,2020,,,,,Low Risk
TamilNadu,Chennai,2021,,,,,Low Risk
TamilNadu,Coimbatore,2020,0.480519352,,,,Low Risk
TamilNadu,Coimbatore,2021,0.523753864,,,,Low Risk
TamilNadu,Cuddalore,2020,0.540694302,,,,Low Risk
TamilNadu,Cuddalore,2021,0.665698437,,,,Low Risk
TamilNadu,Dharmapuri,2020,0.327917841,,,,Low Risk
TamilNadu,Dharmapuri,2021,0.60713887,,,,Low Risk
TamilNadu,Dindigul,2020,0.240965702,,,,Low Risk
TamilNadu,Dindigul,2021,0.416036631,,,,Low Risk
TamilNadu,Erode,2020,0.441346185,,,,Low Risk
TamilNadu,Erode,2021,0.46954261,,,,Low Risk
TamilNadu,Kancheepuram,2020,0.376398126,,,,Low Risk
TamilNadu,Kancheepuram,2021,0.5990108,,,,Low Risk
TamilNadu,Kanniyakumari,2020,0.160212792,,,,Low Risk
TamilNadu,Kanniyakumari,2021,0.575771142,,,,Low Risk
TamilNadu,Karur,2020,0.285494686,,,,Low Risk
TamilNadu,Karur,2021,0.3362805,,,,Low Risk
TamilNadu,Krishnagiri,2020,0.305474025,,,,Low Risk
TamilNadu,Krishnagiri,2021,0.585959328,,,,Low Risk
TamilNadu,Madurai,2020,0.351015876,,,,Low Risk
TamilNadu,Madurai,2021,0.336227612,,,,Low Risk
TamilNadu,Nagappattinam,2020,0.515433826,,,,Low Risk
TamilNadu,Nagappattinam,2021,0.733770481,,,,Low Risk
TamilNadu,Namakkal,2020,0.329749407,,,,Low Risk
TamilNadu,Namakkal,2021,0.615316896,,,,Low Risk
TamilNadu,Perambalur,2020,0.361077563,,,,Low Risk
TamilNadu,Perambalur,2021,0.570978276,,,,Low Risk
TamilNadu,Pudukkottai,2020,0.387989553,,,,Low Risk
TamilNadu,Pudukkottai,2021,0.566117374,,,,Low Risk
TamilNadu,Ramanathapuram,2020,0.218436576,,,,Low Risk
TamilNadu,Ramanathapuram,2021,0.423841248,,,,Low Risk
TamilNadu,Salem,2020,0.381314372,,,,Low Risk
TamilNadu,Salem,2021,0.56826791,,,,Low Risk
TamilNadu,Sivaganga,2020,0.377775238,,,,Low Risk
TamilNadu,Sivaganga,2021,0.471680058,,,,Low Risk
TamilNadu,Thanjavur,2020,0.461199305,,,,Low Risk
TamilNadu,Thanjavur,2021,0.733327356,,,,Low Risk
TamilNadu,TheNilgiris,2020,0.535808254,,,,Low Risk
TamilNadu,TheNilgiris,2021,0.513722783,,,,Low Risk
TamilNadu,Theni,2020,0.308616095,,,,Low Risk
TamilNadu,Theni,2021,0.402258256,,,,Low Risk
TamilNadu,Thiruvallur,2020,0.434257284,,,,Low Risk
TamilNadu,Thiruvallur,2021,0.64712293,,,,Low Risk
TamilNadu,Thiruvarur,2020,0.550613772,,,,Low Risk
TamilNadu,Thiruvarur,2021,0.770599629,,,,Low Risk
TamilNadu,Thoothukkudi,2020,0.209224739,,,,Low Risk
TamilNadu,Thoothukkudi,2021,0.440710674,,,,Low Risk
TamilNadu,Tiruchirappalli,2020,0.464979354,,,,Low Risk
TamilNadu,Tiruchirappalli,2021,0.424755413,,,,Low Risk
TamilNadu,Tirunelveli,2020,0.246111326,,,,Low Risk
TamilNadu,Tirunelveli,2021,0.428296639,,,,Low Risk
TamilNadu,Tiruppur,2020,0.445498272,,,,Low Risk
TamilNadu,Tiruppur,2021,0.438661345,,,,Low Risk
TamilNadu,Tiruvannamalai,2020,0.455265736,,,,Low Risk
TamilNadu,Tiruvannamalai,2021,0.657587116,,,,Low Risk
TamilNadu,Vellore,2020,0.434727084,,,,Low Risk
TamilNadu,Vellore,2021,0.745563797,,,,Low Risk
TamilNadu,Viluppuram,2020,0.404320201,,,,Low Risk
TamilNadu,Viluppuram,2021,0.733235601,,,,Low Risk
TamilNadu,Virudunagar,2020,0.349359507,,,,Low Risk
TamilNadu,Virudunagar,2021,0.381243644,,,,Low Risk
Telangana,Adilabad,2020,0.399140038,0.362341038,0.392932871,0.384804649,Medium Risk
Telangana,Adilabad,2021,0.454546853,0.362341038,0.449254194,0.422047362,Medium Risk
Telangana,Hyderabad,2020,0.721264368,0.362341038,,,Low Risk
Telangana,Hyderabad,2021,0.420686573,0.362341038,,,Low Risk
Telangana,Karimnagar,2020,0.551779293,0.36239992,,,Low Risk
Telangana,Karimnagar,2021,0.436463508,0.36239992,,,Low Risk
Telangana,Khammam,2020,0.512011393,0.36239992,,,Low Risk
Telangana,Khammam,2021,0.519829192,0.36239992,,,Low Risk
Telangana,Mahbubnagar,2020,0.552985855,,,,Low Risk
Telangana,Mahbubnagar,2021,0.339555217,,,,Low Risk
Telangana,Medak,2020,0.684387405,0.36239992,0.473808559,0.506865295,Medium Risk
Telangana,Medak,2021,0.561402433,0.36239992,0.498516896,0.474106416,Medium Risk
Telangana,Nalgonda,2020,0.556534972,0.36239992,0.552088205,0.490341032,Medium Risk
Telangana,Nalgonda,2021,0.348483276,0.36239992,0.536743982,0.415875726,Medium Risk
Telangana,Nizamabad,2020,0.486875634,0.36239992,,,Low Risk
Telangana,Nizamabad,2021,0.623789481,0.36239992,,,Low Risk
Telangana,RangaReddy,2020,0.692708333,,,,Low Risk
Telangana,RangaReddy,2021,0.340101502,,,,Low Risk
Telangana,Warangal,2020,0.59678928,,,,Low Risk
Telangana,Warangal,2021,0.416119039,,,,Low Risk
Tripura,Dhalai,2020,0.277708949,0.403957087,0.168060142,0.283242059,Low Risk
Tripura,Dhalai,2021,0.097801738,0.403957087,0.185635385,0.229131403,Low Risk
Tripura,Gomati,2020,0.345600469,0.36239992,0.207633877,0.305211422,Low Risk
Tripura,Gomati,2021,0.222489707,0.36239992,0.20795201,0.264280546,Low Risk
Tripura,Khowai,2020,0.418365548,0.36239992,,,Low Risk
Tripura,Khowai,2021,0.051400966,0.36239992,,,Low Risk
Tripura,NorthTripura,2020,0.383744083,,,,Low Risk
Tripura,NorthTripura,2021,0.300517416,,,,Low Risk
Tripura,Sipahijala,2020,0.340025479,,0.206908399,,Low Risk
Tripura,Sipahijala,2021,0.174975525,,0.206035821,,Low Risk
Tripura,SouthTripura,2020,0.271396797,,,,Low Risk
Tripura,SouthTripura,2021,0.478367487,,,,Low Risk
Tripura,Unokoti,2020,0.423861184,,,,Low Risk
Tripura,Unokoti,2021,0.12823074,,,,Low Risk
Tripura,WestTripura,2020,0.393994155,,,,Low Risk
Tripura,WestTripura,2021,0.079854565,,,,Low Risk
UttarPradesh,Agra,2020,0.233234855,,,,Low Risk
UttarPradesh,Agra,2021,0.363380784,,,,Low Risk
UttarPradesh,Aligarh,2020,0.206123783,,,,Low Risk
UttarPradesh,Aligarh,2021,0.559859105,,,,Low Risk
UttarPradesh,Allahabad,2020,0.415680996,,,,Low Risk
UttarPradesh,Allahabad,2021,0.725457798,,,,Low Risk
UttarPradesh,AmbedkarNagar,2020,0.615595345,,,,Low Risk
UttarPradesh,AmbedkarNagar,2021,0.660078077,,,,Low Risk
UttarPradesh,Amethi,2020,0.37020323,,,,Low Risk
UttarPradesh,Amethi,2021,0.656992928,,,,Low Risk
UttarPradesh,Amroha,2020,0.377596395,,,,Low Risk
UttarPradesh,Amroha,2021,0.485596015,,,,Low Risk
UttarPradesh,Auraiya,2020,0.194227068,,,,Low Risk
UttarPradesh,Auraiya,2021,0.414078613,,,,Low Risk
UttarPradesh,Azamgarh,2020,0.646069663,,,,Low Risk
UttarPradesh,Azamgarh,2021,0.826050627,,,,Low Risk
UttarPradesh,Baghpat,2020,0.251023597,,,,Low Risk
UttarPradesh,Baghpat,2021,0.680110691,,,,Low Risk
UttarPradesh,Bahraich,2020,0.296406973,,,,Low Risk
UttarPradesh,Bahraich,2021,0.708276215,,,,Low Risk
UttarPradesh,Ballia,2020,0.649272293,,,,Low Risk
UttarPradesh,Ballia,2021,0.712107003,,,,Low Risk
UttarPradesh,Balrampur,2020,0.703093709,,,,Low Risk
UttarPradesh,Balrampur,2021,0.669000614,,,,Low Risk
UttarPradesh,Banda,2020,0.382999641,,,,Low Risk
UttarPradesh,Banda,2021,0.383199719,,,,Low Risk
UttarPradesh,Barabanki,2020,0.441785377,,,,Low Risk
UttarPradesh,Barabanki,2021,0.607626316,,,,Low Risk
UttarPradesh,Bareilly,2020,0.26090129,,,,Low Risk
UttarPradesh,Bareilly,2021,0.467297402,,,,Low Risk
UttarPradesh,Basti,2020,0.658995877,,,,Low Risk
UttarPradesh,Basti,2021,0.724553959,,,,Low Risk
UttarPradesh,Bijnor,2020,0.399877172,,,,Low Risk
UttarPradesh,Bijnor,2021,0.429685966,,,,Low Risk
UttarPradesh,Budaun,2020,0.068603887,,,,Low Risk
UttarPradesh,Budaun,2021,0.38099137,,,,Low Risk
UttarPradesh,Bulandshahr,2020,0.094323524,,,,Low Risk
UttarPradesh,Bulandshahr,2021,0.516941206,,,,Low Risk
UttarPradesh,Chandauli,2020,0.307830675,,,,Low Risk
UttarPradesh,Chandauli,2021,0.56519208,,,,Low Risk
UttarPradesh,Chitrakoot,2020,0.35418169,,,,Low Risk
UttarPradesh,Chitrakoot,2021,0.488547904,,,,Low Risk
UttarPradesh,Deoria,2020,0.709263863,,,,Low Risk
UttarPradesh,Deoria,2021,0.764290996,,,,Low Risk
UttarPradesh,Etah,2020,0.177123638,,,,Low Risk
UttarPradesh,Etah,2021,0.559716401,,,,Low Risk
UttarPradesh,Etawah,2020,0.199865064,,,,Low Risk
UttarPradesh,Etawah,2021,0.474832758,,,,Low Risk
UttarPradesh,Faizabad,2020,0.656337987,,,,Low Risk
UttarPradesh,Faizabad,2021,0.783252333,,,,Low Risk
UttarPradesh,Farrukhabad,2020,0.114124324,,,,Low Risk
UttarPradesh,Farrukhabad,2021,0.456940712,,,,Low Risk
UttarPradesh,Fatehpur,2020,0.340643133,,,,Low Risk
UttarPradesh,Fatehpur,2021,0.741279837,,,,Low Risk
UttarPradesh,Firozabad,2020,0.187142691,,,,Low Risk
UttarPradesh,Firozabad,2021,0.428096616,,,,Low Risk
UttarPradesh,GautamBuddhaNagar,2020,0.192376097,,,,Low Risk
UttarPradesh,GautamBuddhaNagar,2021,0.529481435,,,,Low Risk
UttarPradesh,Ghaziabad,2020,0.20539778,,,,Low Risk
UttarPradesh,Ghaziabad,2021,0.671838038,,,,Low Risk
UttarPradesh,Ghazipur,2020,0.566309857,,,,Low Risk
UttarPradesh,Ghazipur,2021,0.582221933,,,,Low Risk
UttarPradesh,Gonda,2020,0.671729571,,,,Low Risk
UttarPradesh,Gonda,2021,0.747958195,,,,Low Risk
UttarPradesh,Gorakhpur,2020,0.555184607,,,,Low Risk
UttarPradesh,Gorakhpur,2021,0.72898278,,,,Low Risk
UttarPradesh,Hamirpur,2020,0.227708147,,,,Low Risk
UttarPradesh,Hamirpur,2021,0.255215327,,,,Low Risk
UttarPradesh,Hapur,2020,0.209691487,,,,Low Risk
UttarPradesh,Hapur,2021,0.475530343,,,,Low Risk
UttarPradesh,Hardoi,2020,0.271291558,,,,Low Risk
UttarPradesh,Hardoi,2021,0.600653749,,,,Low Risk
UttarPradesh,Hathras,2020,0.177348049,,,,Low Risk
UttarPradesh,Hathras,2021,0.519254958,,,,Low Risk
UttarPradesh,Jalaun,2020,0.163335949,,,,Low Risk
UttarPradesh,Jalaun,2021,0.444924543,,,,Low Risk
UttarPradesh,Jaunpur,2020,0.473278346,,,,Low Risk
UttarPradesh,Jaunpur,2021,0.510967054,,,,Low Risk
UttarPradesh,Jhansi,2020,0.10215493,,,,Low Risk
UttarPradesh,Jhansi,2021,0.514337397,,,,Low Risk
UttarPradesh,Kannauj,2020,0.389480273,,,,Low Risk
UttarPradesh,Kannauj,2021,0.548282404,,,,Low Risk
UttarPradesh,KanpurDehat,2020,0.22224271,,,,Low Risk
UttarPradesh,KanpurDehat,2021,0.310700898,,,,Low Risk
UttarPradesh,KanpurNagar,2020,0.449313055,,,,Low Risk
UttarPradesh,KanpurNagar,2021,0.578417874,,,,Low Risk
UttarPradesh,Kasganj,2020,0.13403168,,,,Low Risk
UttarPradesh,Kasganj,2021,0.298385847,,,,Low Risk
UttarPradesh,Kaushambi,2020,0.25596844,,,,Low Risk
UttarPradesh,Kaushambi,2021,0.675618307,,,,Low Risk
UttarPradesh,Kushinagar,2020,0.818853316,,,,Low Risk
UttarPradesh,Kushinagar,2021,0.779292345,,,,Low Risk
UttarPradesh,LakhimpurKheri,2020,0.394437051,,,,Low Risk
UttarPradesh,LakhimpurKheri,2021,0.825721699,,,,Low Risk
UttarPradesh,Lalitpur,2020,0.245944788,,,,Low Risk
UttarPradesh,Lalitpur,2021,0.489905852,,,,Low Risk
UttarPradesh,Lucknow,2020,0.243121857,,,,Low Risk
UttarPradesh,Lucknow,2021,0.59984641,,,,Low Risk
UttarPradesh,Maharajganj,2020,0.726756299,,,,Low Risk
UttarPradesh,Maharajganj,2021,0.783946481,,,,Low Risk
UttarPradesh,Mahoba,2020,0.255490166,,,,Low Risk
UttarPradesh,Mahoba,2021,0.273144182,,,,Low Risk
UttarPradesh,Mainpuri,2020,0.221200013,,,,Low Risk
UttarPradesh,Mainpuri,2021,0.514370618,,,,Low Risk
UttarPradesh,Mathura,2020,0.236213316,,,,Low Risk
UttarPradesh,Mathura,2021,0.363896849,,,,Low Risk
UttarPradesh,Mau,2020,0.661433228,,,,Low Risk
UttarPradesh,Mau,2021,0.557912956,,,,Low Risk
UttarPradesh,Meerut,2020,0.339973083,,,,Low Risk
UttarPradesh,Meerut,2021,0.525514219,,,,Low Risk
UttarPradesh,Mirzapur,2020,0.473273494,,,,Low Risk
UttarPradesh,Mirzapur,2021,0.650519637,,,,Low Risk
UttarPradesh,Moradabad,2020,0.268432696,,,,Low Risk
UttarPradesh,Moradabad,2021,0.2789767,,,,Low Risk
UttarPradesh,Muzaffarnagar,2020,0.345339819,,,,Low Risk
UttarPradesh,Muzaffarnagar,2021,0.584044328,,,,Low Risk
UttarPradesh,Pilibhit,2020,0.661517224,,,,Low Risk
UttarPradesh,Pilibhit,2021,0.74714342,,,,Low Risk
UttarPradesh,Pratapgarh,2020,0.341165694,,,,Low Risk
UttarPradesh,Pratapgarh,2021,0.670672382,,,,Low Risk
UttarPradesh,RaeBareli,2020,0.364390016,,,,Low Risk
UttarPradesh,RaeBareli,2021,0.694282093,,,,Low Risk
UttarPradesh,Rampur,2020,0.267479412,,,,Low Risk
UttarPradesh,Rampur,2021,0.43964698,,,,Low Risk
UttarPradesh,Saharanpur,2020,0.206301472,,,,Low Risk
UttarPradesh,Saharanpur,2021,0.281206481,,,,Low Risk
UttarPradesh,Sambhal,2020,0.06732819,,,,Low Risk
UttarPradesh,Sambhal,2021,0.369044829,,,,Low Risk
UttarPradesh,SantKabirNagar,2020,0.497150535,,,,Low Risk
UttarPradesh,SantKabirNagar,2021,0.733560371,,,,Low Risk
UttarPradesh,SantRaviDasNagar,2020,0.454673154,,,,Low Risk
UttarPradesh,SantRaviDasNagar,2021,0.538206336,,,,Low Risk
UttarPradesh,Shahjahanpur,2020,0.203550074,,,,Low Risk
UttarPradesh,Shahjahanpur,2021,0.633673782,,,,Low Risk
UttarPradesh,Shamli,2020,0.289979211,,,,Low Risk
UttarPradesh,Shamli,2021,0.659210523,,,,Low Risk
UttarPradesh,Shravasti,2020,0.515321195,,,,Low Risk
UttarPradesh,Shravasti,2021,0.676076664,,,,Low Risk
UttarPradesh,SiddharthNagar,2020,0.630288186,,,,Low Risk
UttarPradesh,SiddharthNagar,2021,0.75174492,,,,Low Risk
UttarPradesh,Sitapur,2020,0.152480919,,,,Low Risk
UttarPradesh,Sitapur,2021,0.71180667,,,,Low Risk
UttarPradesh,Sonbhadra,2020,0.305899249,,,,Low Risk
UttarPradesh,Sonbhadra,2021,0.527153993,,,,Low Risk
UttarPradesh,Sultanpur,2020,0.517900587,,,,Low Risk
UttarPradesh,Sultanpur,2021,0.610439765,,,,Low Risk
UttarPradesh,Unnao,2020,0.368987234,,,,Low Risk
UttarPradesh,Unnao,2021,0.470203039,,,,Low Risk
UttarPradesh,Varanasi,2020,0.365322503,,,,Low Risk
UttarPradesh,Varanasi,2021,0.530685719,,,,Low Risk
Uttarakhand,Almora,2020,0.353172111,0.618369845,0.218139042,0.396560333,Medium Risk
Uttarakhand,Almora,2021,0.622217362,0.618369845,0.257011802,0.49919967,Medium Risk
Uttarakhand,Bageshwar,2020,0.458542928,0.635042879,0.229447589,0.441011132,Medium Risk
Uttarakhand,Bageshwar,2021,0.416647667,0.635042879,0.144364902,0.398685149,Medium Risk
Uttarakhand,Chamoli,2020,0.294955044,0.587006268,0.164000189,0.348653834,Low Risk
Uttarakhand,Chamoli,2021,0.49757332,0.587006268,0.211669894,0.432083161,Medium Risk
Uttarakhand,Champawat,2020,0.42761192,0.621994045,0.235487818,0.428364594,Medium Risk
Uttarakhand,Champawat,2021,0.656987414,0.621994045,0.235836784,0.504939414,Medium Risk
Uttarakhand,Dehradun,2020,0.154368807,0.731912684,0.441886734,0.442722742,Medium Risk
Uttarakhand,Dehradun,2021,0.351449536,0.731912684,0.484239457,0.522533892,Medium Risk
Uttarakhand,Garhwal,2020,0.17593045,,,,Low Risk
Uttarakhand,Garhwal,2021,0.521026598,,,,Low Risk
Uttarakhand,Hardwar,2020,0.310304636,,,,Low Risk
Uttarakhand,Hardwar,2021,0.348395725,,,,Low Risk
Uttarakhand,Nainital,2020,0.292782607,0.645223854,0.374630383,0.437545615,Medium Risk
Uttarakhand,Nainital,2021,0.556650568,0.645223854,0.413816473,0.538563632,High Risk
Uttarakhand,Pithoragarh,2020,0.58198193,0.643100319,0.270047192,0.49837648,Medium Risk
Uttarakhand,Pithoragarh,2021,0.61600941,0.643100319,0.323129853,0.527413194,High Risk
Uttarakhand,Rudraprayag,2020,0.307045547,0.641127468,,,Low Risk
Uttarakhand,Rudraprayag,2021,0.572541099,0.641127468,,,Low Risk
Uttarakhand,TehriGarhwal,2020,0.137258142,,,,Low Risk
Uttarakhand,TehriGarhwal,2021,0.486531987,,,,Low Risk
Uttarakhand,UdhamSinghNagar,2020,0.334195263,,,,Low Risk
Uttarakhand,UdhamSinghNagar,2021,0.494384163,,,,Low Risk
Uttarakhand,Uttarkashi,2020,0.191679342,0.562525178,0.241510508,0.331905009,Low Risk
Uttarakhand,Uttarkashi,2021,0.409943565,0.562525178,0.273543239,0.415337327,Medium Risk
WestBengal,Alipurduar,2020,0.607918273,,,,Low Risk
WestBengal,Alipurduar,2021,0.191017993,,,,Low Risk
WestBengal,Bankura,2020,0.379645817,,,,Low Risk
WestBengal,Bankura,2021,0.707388626,,,,Low Risk
WestBengal,Barddhaman,2020,0.540954716,,,,Low Risk
WestBengal,Barddhaman,2021,0.756060404,,,,Low Risk
WestBengal,Birbhum,2020,0.621331683,,,,Low Risk
WestBengal,Birbhum,2021,0.654435694,,,,Low Risk
WestBengal,DakshinDinajpur,2020,0.322158386,,,,Low Risk
WestBengal,DakshinDinajpur,2021,0.426085695,,,,Low Risk
WestBengal,Darjiling,2020,0.583412228,,,,Low Risk
WestBengal,Darjiling,2021,0.341685916,,,,Low Risk
WestBengal,Haora,2020,0.563574961,,,,Low Risk
WestBengal,Haora,2021,0.82724679,,,,Low Risk
WestBengal,Hugli,2020,0.572712864,,,,Low Risk
WestBengal,Hugli,2021,0.804847413,,,,Low Risk
WestBengal,Jalpaiguri,2020,0.692718884,,,,Low Risk
WestBengal,Jalpaiguri,2021,0.124103633,,,,Low Risk
WestBengal,KochBihar,2020,0.773095737,,,,Low Risk
WestBengal,KochBihar,2021,0.221424963,,,,Low Risk
WestBengal,Kolkata,2020,0.652211417,,,,Low Risk
WestBengal,Kolkata,2021,0.760084761,,,,Low Risk
WestBengal,Maldah,2020,0.418158914,,,,Low Risk
WestBengal,Maldah,2021,0.523650568,,,,Low Risk
WestBengal,Murshidabad,2020,0.530100677,,,,Low Risk
WestBengal,Murshidabad,2021,0.629306085,,,,Low Risk
WestBengal,Nadia,2020,0.596791999,,,,Low Risk
WestBengal,Nadia,2021,0.731419475,,,,Low Risk
WestBengal,North24Parganas,2020,0.529207015,,,,Low Risk
WestBengal,North24Parganas,2021,0.764796706,,,,Low Risk
WestBengal,PashchimMedinipur,2020,0.429723028,,,,Low Risk
WestBengal,PashchimMedinipur,2021,0.861759351,,,,Low Risk
WestBengal,PurbaMedinipur,2020,0.322653991,,,,Low Risk
WestBengal,PurbaMedinipur,2021,0.876344086,,,,Low Risk
WestBengal,Puruliya,2020,0.348735603,,,,Low Risk
WestBengal,Puruliya,2021,0.691746032,,,,Low Risk
WestBengal,South24Parganas,2020,0.39303685,,,,Low Risk
WestBengal,South24Parganas,2021,0.848845538,,,,Low Risk
WestBengal,UttarDinajpur,2020,0.693312271,,,,Low Risk
WestBengal,UttarDinajpur,2021,0.332903775,,,,Low Risk
